run_id,dataset,split_point,seed,method,attribute_index,auroc,balanced_accuracy
semantic_probe__celeba__current__afd__s7__8367ecadfad4,celeba,current,7,afd,0,0.889930281717816,0.5968809143369557
semantic_probe__celeba__current__afd__s7__8367ecadfad4,celeba,current,7,afd,1,0.7893854589074113,0.6148294487835898
semantic_probe__celeba__current__afd__s7__8367ecadfad4,celeba,current,7,afd,2,0.8324416400223457,0.7539638815119305
semantic_probe__celeba__current__afd__s7__8367ecadfad4,celeba,current,7,afd,3,0.8087810041785829,0.6017247770087925
semantic_probe__celeba__current__afd__s7__8367ecadfad4,celeba,current,7,afd,4,0.9528326507559531,0.5543016531040483
semantic_probe__celeba__current__afd__s7__8367ecadfad4,celeba,current,7,afd,5,0.9184138793709294,0.7454859559160429
semantic_probe__celeba__current__afd__s7__8367ecadfad4,celeba,current,7,afd,6,0.6559072750731973,0.5233483865017646
semantic_probe__celeba__current__afd__s7__8367ecadfad4,celeba,current,7,afd,7,0.7822551621346518,0.6323215815804748
semantic_probe__celeba__current__afd__s7__8367ecadfad4,celeba,current,7,afd,8,0.8188352879424952,0.639577296530463
semantic_probe__celeba__current__afd__s7__8367ecadfad4,celeba,current,7,afd,9,0.9125864887626535,0.7069340716836595
semantic_probe__celeba__current__afd__s7__8367ecadfad4,celeba,current,7,afd,10,0.7152574090249887,0.5
semantic_probe__celeba__current__afd__s7__8367ecadfad4,celeba,current,7,afd,11,0.7331691072724448,0.5280906666780166
semantic_probe__celeba__current__afd__s7__8367ecadfad4,celeba,current,7,afd,12,0.8126062884294094,0.581157491678524
semantic_probe__celeba__current__afd__s7__8367ecadfad4,celeba,current,7,afd,13,0.8665365828098114,0.5605163928459145
semantic_probe__celeba__current__afd__s7__8367ecadfad4,celeba,current,7,afd,14,0.8917640601395939,0.555770363822774
semantic_probe__celeba__current__afd__s7__8367ecadfad4,celeba,current,7,afd,15,0.9183204784046796,0.6824290927226273
semantic_probe__celeba__current__afd__s7__8367ecadfad4,celeba,current,7,afd,16,0.9310712270279933,0.6367475795422368
semantic_probe__celeba__current__afd__s7__8367ecadfad4,celeba,current,7,afd,17,0.9249948500309486,0.6112095544373696
semantic_probe__celeba__current__afd__s7__8367ecadfad4,celeba,current,7,afd,18,0.9113078617853171,0.8189663421263131
semantic_probe__celeba__current__afd__s7__8367ecadfad4,celeba,current,7,afd,19,0.926156870327404,0.8494040804195923
semantic_probe__celeba__current__afd__s7__8367ecadfad4,celeba,current,7,afd,20,0.9507305530826626,0.876528006567773
semantic_probe__celeba__current__afd__s7__8367ecadfad4,celeba,current,7,afd,21,0.9268598119377809,0.8505009303362688
semantic_probe__celeba__current__afd__s7__8367ecadfad4,celeba,current,7,afd,22,0.9219318270796265,0.5317506689310872
semantic_probe__celeba__current__afd__s7__8367ecadfad4,celeba,current,7,afd,23,0.6979027122938902,0.5014706117935394
semantic_probe__celeba__current__afd__s7__8367ecadfad4,celeba,current,7,afd,24,0.9155125420876621,0.7208358233674546
semantic_probe__celeba__current__afd__s7__8367ecadfad4,celeba,current,7,afd,25,0.6875992698480431,0.5817858689426674
semantic_probe__celeba__current__afd__s7__8367ecadfad4,celeba,current,7,afd,26,0.8535968293812662,0.5050695160398644
semantic_probe__celeba__current__afd__s7__8367ecadfad4,celeba,current,7,afd,27,0.7131654159068592,0.5582544564927208
semantic_probe__celeba__current__afd__s7__8367ecadfad4,celeba,current,7,afd,28,0.8674509610162117,0.5613983872289504
semantic_probe__celeba__current__afd__s7__8367ecadfad4,celeba,current,7,afd,29,0.9203580860871846,0.5994868656293434
semantic_probe__celeba__current__afd__s7__8367ecadfad4,celeba,current,7,afd,30,0.9231822097224447,0.6062491802504928
semantic_probe__celeba__current__afd__s7__8367ecadfad4,celeba,current,7,afd,32,0.6793240430308508,0.5162509979620088
semantic_probe__celeba__current__afd__s7__8367ecadfad4,celeba,current,7,afd,33,0.7701477970222936,0.6561377315041266
semantic_probe__celeba__current__afd__s7__8367ecadfad4,celeba,current,7,afd,34,0.7863413831438079,0.5694832469418565
semantic_probe__celeba__current__afd__s7__8367ecadfad4,celeba,current,7,afd,35,0.9373258131896536,0.6656255841286417
semantic_probe__celeba__current__afd__s7__8367ecadfad4,celeba,current,7,afd,36,0.9388109805599534,0.8609536705202824
semantic_probe__celeba__current__afd__s7__8367ecadfad4,celeba,current,7,afd,37,0.7420430228339326,0.5007337728674356
semantic_probe__celeba__current__afd__s7__8367ecadfad4,celeba,current,7,afd,38,0.8776820407616787,0.5393105995282106
semantic_probe__celeba__current__afd__s7__8367ecadfad4,celeba,current,7,afd,39,0.8036367569617222,0.6510674402593097
semantic_probe__celeba__current__afd__s42__9be76ddd3621,celeba,current,42,afd,0,0.895308895296754,0.6249125828062996
semantic_probe__celeba__current__afd__s42__9be76ddd3621,celeba,current,42,afd,1,0.7953687359002981,0.6288320660472917
semantic_probe__celeba__current__afd__s42__9be76ddd3621,celeba,current,42,afd,2,0.8241254606605822,0.7439903911792172
semantic_probe__celeba__current__afd__s42__9be76ddd3621,celeba,current,42,afd,3,0.7999515720184117,0.5883338265956752
semantic_probe__celeba__current__afd__s42__9be76ddd3621,celeba,current,42,afd,4,0.9561367051917866,0.5582316000840654
semantic_probe__celeba__current__afd__s42__9be76ddd3621,celeba,current,42,afd,5,0.9228597932242011,0.7537423913290137
semantic_probe__celeba__current__afd__s42__9be76ddd3621,celeba,current,42,afd,6,0.6686702094955148,0.5278366280355375
semantic_probe__celeba__current__afd__s42__9be76ddd3621,celeba,current,42,afd,7,0.782981014088163,0.6186297870371594
semantic_probe__celeba__current__afd__s42__9be76ddd3621,celeba,current,42,afd,8,0.8277320301365318,0.6482674640024314
semantic_probe__celeba__current__afd__s42__9be76ddd3621,celeba,current,42,afd,9,0.9219688736058155,0.7254858189283172
semantic_probe__celeba__current__afd__s42__9be76ddd3621,celeba,current,42,afd,10,0.7147005566956021,0.5004686670651024
semantic_probe__celeba__current__afd__s42__9be76ddd3621,celeba,current,42,afd,11,0.7451890180188424,0.5498834765916787
semantic_probe__celeba__current__afd__s42__9be76ddd3621,celeba,current,42,afd,12,0.8189498560744283,0.5837997472578653
semantic_probe__celeba__current__afd__s42__9be76ddd3621,celeba,current,42,afd,13,0.8665873567130951,0.5473737267275027
semantic_probe__celeba__current__afd__s42__9be76ddd3621,celeba,current,42,afd,14,0.8863351314477675,0.545991495846562
semantic_probe__celeba__current__afd__s42__9be76ddd3621,celeba,current,42,afd,15,0.9280451103735156,0.7033364885024393
semantic_probe__celeba__current__afd__s42__9be76ddd3621,celeba,current,42,afd,16,0.9336994681835356,0.6574815361827129
semantic_probe__celeba__current__afd__s42__9be76ddd3621,celeba,current,42,afd,17,0.9333539088021023,0.6300616141321009
semantic_probe__celeba__current__afd__s42__9be76ddd3621,celeba,current,42,afd,18,0.907359193987629,0.818216251667643
semantic_probe__celeba__current__afd__s42__9be76ddd3621,celeba,current,42,afd,19,0.9260946320358017,0.8491541321642184
semantic_probe__celeba__current__afd__s42__9be76ddd3621,celeba,current,42,afd,20,0.9529078741677104,0.8806371880669018
semantic_probe__celeba__current__afd__s42__9be76ddd3621,celeba,current,42,afd,21,0.9252360415251135,0.8510270933891206
semantic_probe__celeba__current__afd__s42__9be76ddd3621,celeba,current,42,afd,22,0.9314985541368428,0.547789759886815
semantic_probe__celeba__current__afd__s42__9be76ddd3621,celeba,current,42,afd,23,0.6963988320596424,0.506040482180646
semantic_probe__celeba__current__afd__s42__9be76ddd3621,celeba,current,42,afd,24,0.9199789335429037,0.7409172424859063
semantic_probe__celeba__current__afd__s42__9be76ddd3621,celeba,current,42,afd,25,0.6875736111959269,0.5656963212832518
semantic_probe__celeba__current__afd__s42__9be76ddd3621,celeba,current,42,afd,26,0.8504465063925372,0.5045788695145457
semantic_probe__celeba__current__afd__s42__9be76ddd3621,celeba,current,42,afd,27,0.7136756668385476,0.5593766335161462
semantic_probe__celeba__current__afd__s42__9be76ddd3621,celeba,current,42,afd,28,0.8683607395749343,0.566054369819523
semantic_probe__celeba__current__afd__s42__9be76ddd3621,celeba,current,42,afd,29,0.916021919761703,0.6041322843524166
semantic_probe__celeba__current__afd__s42__9be76ddd3621,celeba,current,42,afd,30,0.9178385208065472,0.6134817535673003
semantic_probe__celeba__current__afd__s42__9be76ddd3621,celeba,current,42,afd,32,0.667003993966529,0.5186804112541666
semantic_probe__celeba__current__afd__s42__9be76ddd3621,celeba,current,42,afd,33,0.7717671369433047,0.6479236718529864
semantic_probe__celeba__current__afd__s42__9be76ddd3621,celeba,current,42,afd,34,0.7840791854900587,0.5748526523044424
semantic_probe__celeba__current__afd__s42__9be76ddd3621,celeba,current,42,afd,35,0.9334087583192852,0.6772884925309756
semantic_probe__celeba__current__afd__s42__9be76ddd3621,celeba,current,42,afd,36,0.9374726891621746,0.8594329833576776
semantic_probe__celeba__current__afd__s42__9be76ddd3621,celeba,current,42,afd,37,0.7412357956371379,0.5011333601976361
semantic_probe__celeba__current__afd__s42__9be76ddd3621,celeba,current,42,afd,38,0.8800990749312361,0.547268642992584
semantic_probe__celeba__current__afd__s42__9be76ddd3621,celeba,current,42,afd,39,0.8009091848049434,0.6380335358863397
semantic_probe__celeba__current__afd__s123__c0e6cb3a63d8,celeba,current,123,afd,0,0.8970347987417283,0.6309878265696466
semantic_probe__celeba__current__afd__s123__c0e6cb3a63d8,celeba,current,123,afd,1,0.800045279825971,0.633674223365416
semantic_probe__celeba__current__afd__s123__c0e6cb3a63d8,celeba,current,123,afd,2,0.8249324749969562,0.747433660378789
semantic_probe__celeba__current__afd__s123__c0e6cb3a63d8,celeba,current,123,afd,3,0.8085557395118202,0.5913387688746622
semantic_probe__celeba__current__afd__s123__c0e6cb3a63d8,celeba,current,123,afd,4,0.9567404561671347,0.5593368636431447
semantic_probe__celeba__current__afd__s123__c0e6cb3a63d8,celeba,current,123,afd,5,0.9200781674516728,0.7447927347551893
semantic_probe__celeba__current__afd__s123__c0e6cb3a63d8,celeba,current,123,afd,6,0.6695460931274028,0.5222081100193539
semantic_probe__celeba__current__afd__s123__c0e6cb3a63d8,celeba,current,123,afd,7,0.7788593881629627,0.6198250516453816
semantic_probe__celeba__current__afd__s123__c0e6cb3a63d8,celeba,current,123,afd,8,0.8315228231104923,0.6601070477046745
semantic_probe__celeba__current__afd__s123__c0e6cb3a63d8,celeba,current,123,afd,9,0.9242484788146531,0.7447615904285045
semantic_probe__celeba__current__afd__s123__c0e6cb3a63d8,celeba,current,123,afd,10,0.7013917390050529,0.5
semantic_probe__celeba__current__afd__s123__c0e6cb3a63d8,celeba,current,123,afd,11,0.7565545130102979,0.5528891225098267
semantic_probe__celeba__current__afd__s123__c0e6cb3a63d8,celeba,current,123,afd,12,0.8208541125432454,0.5739712722137477
semantic_probe__celeba__current__afd__s123__c0e6cb3a63d8,celeba,current,123,afd,13,0.8588395490657401,0.5478163671664692
semantic_probe__celeba__current__afd__s123__c0e6cb3a63d8,celeba,current,123,afd,14,0.884011528003212,0.5520120273207904
semantic_probe__celeba__current__afd__s123__c0e6cb3a63d8,celeba,current,123,afd,15,0.9321752133000536,0.7041795887965586
semantic_probe__celeba__current__afd__s123__c0e6cb3a63d8,celeba,current,123,afd,16,0.9376875896007604,0.6517904372875725
semantic_probe__celeba__current__afd__s123__c0e6cb3a63d8,celeba,current,123,afd,17,0.930172033373752,0.6131182159530909
semantic_probe__celeba__current__afd__s123__c0e6cb3a63d8,celeba,current,123,afd,18,0.9148846867530599,0.824071664512016
semantic_probe__celeba__current__afd__s123__c0e6cb3a63d8,celeba,current,123,afd,19,0.9270322118942039,0.8499119677962674
semantic_probe__celeba__current__afd__s123__c0e6cb3a63d8,celeba,current,123,afd,20,0.9575379445366308,0.8871149420062453
semantic_probe__celeba__current__afd__s123__c0e6cb3a63d8,celeba,current,123,afd,21,0.924988317275814,0.8539736476453039
semantic_probe__celeba__current__afd__s123__c0e6cb3a63d8,celeba,current,123,afd,22,0.9321371774483148,0.5447300920438376
semantic_probe__celeba__current__afd__s123__c0e6cb3a63d8,celeba,current,123,afd,23,0.7063237813916883,0.5026498570765582
semantic_probe__celeba__current__afd__s123__c0e6cb3a63d8,celeba,current,123,afd,24,0.9267575083883018,0.7564599974674929
semantic_probe__celeba__current__afd__s123__c0e6cb3a63d8,celeba,current,123,afd,25,0.6920121602968912,0.5497976407321328
semantic_probe__celeba__current__afd__s123__c0e6cb3a63d8,celeba,current,123,afd,26,0.8451076048032434,0.5039836314193076
semantic_probe__celeba__current__afd__s123__c0e6cb3a63d8,celeba,current,123,afd,27,0.7087681650438317,0.5727516079651747
semantic_probe__celeba__current__afd__s123__c0e6cb3a63d8,celeba,current,123,afd,28,0.8763381862181053,0.5566662073718626
semantic_probe__celeba__current__afd__s123__c0e6cb3a63d8,celeba,current,123,afd,29,0.9231291850449369,0.5881550226569024
semantic_probe__celeba__current__afd__s123__c0e6cb3a63d8,celeba,current,123,afd,30,0.9329445470376238,0.630655307188789
semantic_probe__celeba__current__afd__s123__c0e6cb3a63d8,celeba,current,123,afd,32,0.6666653148657148,0.5195734624121657
semantic_probe__celeba__current__afd__s123__c0e6cb3a63d8,celeba,current,123,afd,33,0.7762904307228591,0.6451597706845185
semantic_probe__celeba__current__afd__s123__c0e6cb3a63d8,celeba,current,123,afd,34,0.7872387140968311,0.5719249628315739
semantic_probe__celeba__current__afd__s123__c0e6cb3a63d8,celeba,current,123,afd,35,0.936391020379518,0.6772100529555951
semantic_probe__celeba__current__afd__s123__c0e6cb3a63d8,celeba,current,123,afd,36,0.9427348856764608,0.8659923214656688
semantic_probe__celeba__current__afd__s123__c0e6cb3a63d8,celeba,current,123,afd,37,0.7463338849232815,0.500828229224873
semantic_probe__celeba__current__afd__s123__c0e6cb3a63d8,celeba,current,123,afd,38,0.8768293719315368,0.5274895255563257
semantic_probe__celeba__current__afd__s123__c0e6cb3a63d8,celeba,current,123,afd,39,0.7976517629928932,0.6399055298542955
semantic_probe__celeba__current__afd__s2024__f09eeadf047f,celeba,current,2024,afd,0,0.8972608218689907,0.6339956255677093
semantic_probe__celeba__current__afd__s2024__f09eeadf047f,celeba,current,2024,afd,1,0.7965033639542204,0.6367294649503766
semantic_probe__celeba__current__afd__s2024__f09eeadf047f,celeba,current,2024,afd,2,0.8232820657029202,0.7450672535538165
semantic_probe__celeba__current__afd__s2024__f09eeadf047f,celeba,current,2024,afd,3,0.8133392995943963,0.6039203755762375
semantic_probe__celeba__current__afd__s2024__f09eeadf047f,celeba,current,2024,afd,4,0.9481922376983319,0.5518096376804492
semantic_probe__celeba__current__afd__s2024__f09eeadf047f,celeba,current,2024,afd,5,0.9125235321024743,0.7297970796498364
semantic_probe__celeba__current__afd__s2024__f09eeadf047f,celeba,current,2024,afd,6,0.6559698768780998,0.5253678249437337
semantic_probe__celeba__current__afd__s2024__f09eeadf047f,celeba,current,2024,afd,7,0.7839752703045365,0.6172204299395397
semantic_probe__celeba__current__afd__s2024__f09eeadf047f,celeba,current,2024,afd,8,0.8372578386896933,0.6568295933273023
semantic_probe__celeba__current__afd__s2024__f09eeadf047f,celeba,current,2024,afd,9,0.9284166048863924,0.7490406385284677
semantic_probe__celeba__current__afd__s2024__f09eeadf047f,celeba,current,2024,afd,10,0.6970012047110157,0.5004950495049505
semantic_probe__celeba__current__afd__s2024__f09eeadf047f,celeba,current,2024,afd,11,0.7539664139162412,0.534184087151014
semantic_probe__celeba__current__afd__s2024__f09eeadf047f,celeba,current,2024,afd,12,0.8332006953435341,0.610306692859554
semantic_probe__celeba__current__afd__s2024__f09eeadf047f,celeba,current,2024,afd,13,0.8591462424411633,0.5491742378364627
semantic_probe__celeba__current__afd__s2024__f09eeadf047f,celeba,current,2024,afd,14,0.8786946352742109,0.5494014772647494
semantic_probe__celeba__current__afd__s2024__f09eeadf047f,celeba,current,2024,afd,15,0.9378812527739988,0.7405203773057658
semantic_probe__celeba__current__afd__s2024__f09eeadf047f,celeba,current,2024,afd,16,0.9357008447036824,0.6606814721478448
semantic_probe__celeba__current__afd__s2024__f09eeadf047f,celeba,current,2024,afd,17,0.938544190802367,0.6480398876086375
semantic_probe__celeba__current__afd__s2024__f09eeadf047f,celeba,current,2024,afd,18,0.9136749660639395,0.8207363993941705
semantic_probe__celeba__current__afd__s2024__f09eeadf047f,celeba,current,2024,afd,19,0.9273458709718196,0.8489616879893124
semantic_probe__celeba__current__afd__s2024__f09eeadf047f,celeba,current,2024,afd,20,0.9556552503421024,0.882558030929685
semantic_probe__celeba__current__afd__s2024__f09eeadf047f,celeba,current,2024,afd,21,0.9296739808934491,0.8560209365741493
semantic_probe__celeba__current__afd__s2024__f09eeadf047f,celeba,current,2024,afd,22,0.9285348721673368,0.5674208285295396
semantic_probe__celeba__current__afd__s2024__f09eeadf047f,celeba,current,2024,afd,23,0.7029852398357181,0.5016979197033866
semantic_probe__celeba__current__afd__s2024__f09eeadf047f,celeba,current,2024,afd,24,0.9258478971743461,0.7562789692161771
semantic_probe__celeba__current__afd__s2024__f09eeadf047f,celeba,current,2024,afd,25,0.6882339388377516,0.5689875224831077
semantic_probe__celeba__current__afd__s2024__f09eeadf047f,celeba,current,2024,afd,26,0.8392869905518949,0.5062599922303406
semantic_probe__celeba__current__afd__s2024__f09eeadf047f,celeba,current,2024,afd,27,0.7190151005503271,0.5615327149817911
semantic_probe__celeba__current__afd__s2024__f09eeadf047f,celeba,current,2024,afd,28,0.8695579867014765,0.5731263680285318
semantic_probe__celeba__current__afd__s2024__f09eeadf047f,celeba,current,2024,afd,29,0.9216242647435685,0.602202452914947
semantic_probe__celeba__current__afd__s2024__f09eeadf047f,celeba,current,2024,afd,30,0.9270584619252733,0.6336323877867875
semantic_probe__celeba__current__afd__s2024__f09eeadf047f,celeba,current,2024,afd,32,0.6691953566242583,0.5143715911161256
semantic_probe__celeba__current__afd__s2024__f09eeadf047f,celeba,current,2024,afd,33,0.7709022095546166,0.6326446447392603
semantic_probe__celeba__current__afd__s2024__f09eeadf047f,celeba,current,2024,afd,34,0.7860582869804313,0.577212626358298
semantic_probe__celeba__current__afd__s2024__f09eeadf047f,celeba,current,2024,afd,35,0.943532792572916,0.715115377852815
semantic_probe__celeba__current__afd__s2024__f09eeadf047f,celeba,current,2024,afd,36,0.9405375625750583,0.8596288308793038
semantic_probe__celeba__current__afd__s2024__f09eeadf047f,celeba,current,2024,afd,37,0.7445239639156029,0.5014094366059271
semantic_probe__celeba__current__afd__s2024__f09eeadf047f,celeba,current,2024,afd,38,0.8823123711740753,0.5627734611769891
semantic_probe__celeba__current__afd__s2024__f09eeadf047f,celeba,current,2024,afd,39,0.7952052847206117,0.6357119882293907
semantic_probe__celeba__current__afd__s2025__aa41e40ef28e,celeba,current,2025,afd,0,0.8940530965112613,0.6161347187153625
semantic_probe__celeba__current__afd__s2025__aa41e40ef28e,celeba,current,2025,afd,1,0.8028369048879032,0.6398919138348733
semantic_probe__celeba__current__afd__s2025__aa41e40ef28e,celeba,current,2025,afd,2,0.8291359676731276,0.7489713038011565
semantic_probe__celeba__current__afd__s2025__aa41e40ef28e,celeba,current,2025,afd,3,0.8111427924198561,0.6105899321829643
semantic_probe__celeba__current__afd__s2025__aa41e40ef28e,celeba,current,2025,afd,4,0.9513308958248865,0.5501620871731714
semantic_probe__celeba__current__afd__s2025__aa41e40ef28e,celeba,current,2025,afd,5,0.9198832956201961,0.7416184166200394
semantic_probe__celeba__current__afd__s2025__aa41e40ef28e,celeba,current,2025,afd,6,0.6710405430269846,0.5291516422334901
semantic_probe__celeba__current__afd__s2025__aa41e40ef28e,celeba,current,2025,afd,7,0.784077434423284,0.618298718809975
semantic_probe__celeba__current__afd__s2025__aa41e40ef28e,celeba,current,2025,afd,8,0.8260707878189474,0.6381112254978316
semantic_probe__celeba__current__afd__s2025__aa41e40ef28e,celeba,current,2025,afd,9,0.9246734372922247,0.7529018332445377
semantic_probe__celeba__current__afd__s2025__aa41e40ef28e,celeba,current,2025,afd,10,0.7137790520293059,0.49997361756015196
semantic_probe__celeba__current__afd__s2025__aa41e40ef28e,celeba,current,2025,afd,11,0.7381298199392633,0.5331472727001875
semantic_probe__celeba__current__afd__s2025__aa41e40ef28e,celeba,current,2025,afd,12,0.8124955713154411,0.5822564953446736
semantic_probe__celeba__current__afd__s2025__aa41e40ef28e,celeba,current,2025,afd,13,0.8723040832318022,0.5419935929383926
semantic_probe__celeba__current__afd__s2025__aa41e40ef28e,celeba,current,2025,afd,14,0.8921201200317139,0.5427056250908118
semantic_probe__celeba__current__afd__s2025__aa41e40ef28e,celeba,current,2025,afd,15,0.9273709791276484,0.7080701354083137
semantic_probe__celeba__current__afd__s2025__aa41e40ef28e,celeba,current,2025,afd,16,0.9265281654440654,0.6053519895134296
semantic_probe__celeba__current__afd__s2025__aa41e40ef28e,celeba,current,2025,afd,17,0.93555240862344,0.6200643282390133
semantic_probe__celeba__current__afd__s2025__aa41e40ef28e,celeba,current,2025,afd,18,0.9178484735417033,0.8293832005897996
semantic_probe__celeba__current__afd__s2025__aa41e40ef28e,celeba,current,2025,afd,19,0.9259068115065896,0.8467207174868854
semantic_probe__celeba__current__afd__s2025__aa41e40ef28e,celeba,current,2025,afd,20,0.9516235462534214,0.8780351303248786
semantic_probe__celeba__current__afd__s2025__aa41e40ef28e,celeba,current,2025,afd,21,0.9300834145854348,0.8544826689751992
semantic_probe__celeba__current__afd__s2025__aa41e40ef28e,celeba,current,2025,afd,22,0.909650360318279,0.515927444939749
semantic_probe__celeba__current__afd__s2025__aa41e40ef28e,celeba,current,2025,afd,23,0.7050965962459558,0.5046125761208887
semantic_probe__celeba__current__afd__s2025__aa41e40ef28e,celeba,current,2025,afd,24,0.9174740497880124,0.710809729062122
semantic_probe__celeba__current__afd__s2025__aa41e40ef28e,celeba,current,2025,afd,25,0.6895450549841774,0.5702221025702268
semantic_probe__celeba__current__afd__s2025__aa41e40ef28e,celeba,current,2025,afd,26,0.841129514246866,0.5070382655729376
semantic_probe__celeba__current__afd__s2025__aa41e40ef28e,celeba,current,2025,afd,27,0.7194486801238723,0.5675281680401072
semantic_probe__celeba__current__afd__s2025__aa41e40ef28e,celeba,current,2025,afd,28,0.8678112338424957,0.561277079112539
semantic_probe__celeba__current__afd__s2025__aa41e40ef28e,celeba,current,2025,afd,29,0.9223688484927054,0.6106600499868853
semantic_probe__celeba__current__afd__s2025__aa41e40ef28e,celeba,current,2025,afd,30,0.9235546142650257,0.592972018006578
semantic_probe__celeba__current__afd__s2025__aa41e40ef28e,celeba,current,2025,afd,32,0.6684702415143722,0.5188649472162081
semantic_probe__celeba__current__afd__s2025__aa41e40ef28e,celeba,current,2025,afd,33,0.7711758166113514,0.6360316424450108
semantic_probe__celeba__current__afd__s2025__aa41e40ef28e,celeba,current,2025,afd,34,0.7871033043065626,0.5783757024689019
semantic_probe__celeba__current__afd__s2025__aa41e40ef28e,celeba,current,2025,afd,35,0.9464653793517992,0.6878793934031101
semantic_probe__celeba__current__afd__s2025__aa41e40ef28e,celeba,current,2025,afd,36,0.942365865015045,0.8618827821053154
semantic_probe__celeba__current__afd__s2025__aa41e40ef28e,celeba,current,2025,afd,37,0.7407621735195158,0.500857283789345
semantic_probe__celeba__current__afd__s2025__aa41e40ef28e,celeba,current,2025,afd,38,0.8825082922799421,0.5423313964688841
semantic_probe__celeba__current__afd__s2025__aa41e40ef28e,celeba,current,2025,afd,39,0.7968226748984942,0.6262586275003046
semantic_probe__celeba__current__laplace__s7__648ac08bace5,celeba,current,7,laplace,0,0.8849871073594783,0.575510089931415
semantic_probe__celeba__current__laplace__s7__648ac08bace5,celeba,current,7,laplace,1,0.7995540990103737,0.6306779057234667
semantic_probe__celeba__current__laplace__s7__648ac08bace5,celeba,current,7,laplace,2,0.8239976616817452,0.7472763824555779
semantic_probe__celeba__current__laplace__s7__648ac08bace5,celeba,current,7,laplace,3,0.8047492659891358,0.5611455997828041
semantic_probe__celeba__current__laplace__s7__648ac08bace5,celeba,current,7,laplace,4,0.9555429965673309,0.5245156168840714
semantic_probe__celeba__current__laplace__s7__648ac08bace5,celeba,current,7,laplace,5,0.9256787119362236,0.7370781062065128
semantic_probe__celeba__current__laplace__s7__648ac08bace5,celeba,current,7,laplace,6,0.6683548970894745,0.5240835643100473
semantic_probe__celeba__current__laplace__s7__648ac08bace5,celeba,current,7,laplace,7,0.7800704333044512,0.5885995148518778
semantic_probe__celeba__current__laplace__s7__648ac08bace5,celeba,current,7,laplace,8,0.8280989950261226,0.6009687340332853
semantic_probe__celeba__current__laplace__s7__648ac08bace5,celeba,current,7,laplace,9,0.9286243365320015,0.7373706199378923
semantic_probe__celeba__current__laplace__s7__648ac08bace5,celeba,current,7,laplace,10,0.719235671984252,0.5
semantic_probe__celeba__current__laplace__s7__648ac08bace5,celeba,current,7,laplace,11,0.7315783671740828,0.5071195772690611
semantic_probe__celeba__current__laplace__s7__648ac08bace5,celeba,current,7,laplace,12,0.8227635098469019,0.5575553180534369
semantic_probe__celeba__current__laplace__s7__648ac08bace5,celeba,current,7,laplace,13,0.8625162196496555,0.5247757648434794
semantic_probe__celeba__current__laplace__s7__648ac08bace5,celeba,current,7,laplace,14,0.8837188602840533,0.5175735753133801
semantic_probe__celeba__current__laplace__s7__648ac08bace5,celeba,current,7,laplace,15,0.9376055926719201,0.7009295001054654
semantic_probe__celeba__current__laplace__s7__648ac08bace5,celeba,current,7,laplace,16,0.9283192769338775,0.5759584358622802
semantic_probe__celeba__current__laplace__s7__648ac08bace5,celeba,current,7,laplace,17,0.9261292669893655,0.5713121828253658
semantic_probe__celeba__current__laplace__s7__648ac08bace5,celeba,current,7,laplace,18,0.9084307376520271,0.8229331620610296
semantic_probe__celeba__current__laplace__s7__648ac08bace5,celeba,current,7,laplace,19,0.9266576212074646,0.8495535849979664
semantic_probe__celeba__current__laplace__s7__648ac08bace5,celeba,current,7,laplace,20,0.9529037888893235,0.8744894103181114
semantic_probe__celeba__current__laplace__s7__648ac08bace5,celeba,current,7,laplace,21,0.9228852261407873,0.8523974273180155
semantic_probe__celeba__current__laplace__s7__648ac08bace5,celeba,current,7,laplace,22,0.9287163813190699,0.5162140525478781
semantic_probe__celeba__current__laplace__s7__648ac08bace5,celeba,current,7,laplace,23,0.7009507398679159,0.5019840719112215
semantic_probe__celeba__current__laplace__s7__648ac08bace5,celeba,current,7,laplace,24,0.914945470236603,0.6857103357930421
semantic_probe__celeba__current__laplace__s7__648ac08bace5,celeba,current,7,laplace,25,0.6905925462567708,0.5591411623702043
semantic_probe__celeba__current__laplace__s7__648ac08bace5,celeba,current,7,laplace,26,0.8321301567379383,0.49994770421504026
semantic_probe__celeba__current__laplace__s7__648ac08bace5,celeba,current,7,laplace,27,0.7182392879704157,0.5554321070113046
semantic_probe__celeba__current__laplace__s7__648ac08bace5,celeba,current,7,laplace,28,0.8762066182916353,0.5269608742870483
semantic_probe__celeba__current__laplace__s7__648ac08bace5,celeba,current,7,laplace,29,0.9152481104173512,0.5309879871686258
semantic_probe__celeba__current__laplace__s7__648ac08bace5,celeba,current,7,laplace,30,0.9176816054337421,0.5660499692069182
semantic_probe__celeba__current__laplace__s7__648ac08bace5,celeba,current,7,laplace,32,0.6694290643459271,0.5123504267554901
semantic_probe__celeba__current__laplace__s7__648ac08bace5,celeba,current,7,laplace,33,0.777180646833032,0.619640014561881
semantic_probe__celeba__current__laplace__s7__648ac08bace5,celeba,current,7,laplace,34,0.7800634570750123,0.5472946781702228
semantic_probe__celeba__current__laplace__s7__648ac08bace5,celeba,current,7,laplace,35,0.9555487258103351,0.6946286872443663
semantic_probe__celeba__current__laplace__s7__648ac08bace5,celeba,current,7,laplace,36,0.9392450373225655,0.8681269015503987
semantic_probe__celeba__current__laplace__s7__648ac08bace5,celeba,current,7,laplace,37,0.7392123927078678,0.5007918819963797
semantic_probe__celeba__current__laplace__s7__648ac08bace5,celeba,current,7,laplace,38,0.8722643293011758,0.5133459508887244
semantic_probe__celeba__current__laplace__s7__648ac08bace5,celeba,current,7,laplace,39,0.7920775702024351,0.619782556858306
semantic_probe__celeba__current__laplace__s42__e2b631794e9b,celeba,current,42,laplace,0,0.8948704556456547,0.5893858668614927
semantic_probe__celeba__current__laplace__s42__e2b631794e9b,celeba,current,42,laplace,1,0.8000542312347647,0.6180333749947845
semantic_probe__celeba__current__laplace__s42__e2b631794e9b,celeba,current,42,laplace,2,0.8288636199730093,0.749071079462023
semantic_probe__celeba__current__laplace__s42__e2b631794e9b,celeba,current,42,laplace,3,0.8081974376813962,0.5785022629364488
semantic_probe__celeba__current__laplace__s42__e2b631794e9b,celeba,current,42,laplace,4,0.9527166192558812,0.5245923864219189
semantic_probe__celeba__current__laplace__s42__e2b631794e9b,celeba,current,42,laplace,5,0.9243656817392678,0.7322955539124693
semantic_probe__celeba__current__laplace__s42__e2b631794e9b,celeba,current,42,laplace,6,0.6670534580187963,0.5232610176439937
semantic_probe__celeba__current__laplace__s42__e2b631794e9b,celeba,current,42,laplace,7,0.7864615042115473,0.6117629642225793
semantic_probe__celeba__current__laplace__s42__e2b631794e9b,celeba,current,42,laplace,8,0.8530873886357329,0.6484398601246032
semantic_probe__celeba__current__laplace__s42__e2b631794e9b,celeba,current,42,laplace,9,0.9393790582687214,0.7634994824362953
semantic_probe__celeba__current__laplace__s42__e2b631794e9b,celeba,current,42,laplace,10,0.7130564866322007,0.5
semantic_probe__celeba__current__laplace__s42__e2b631794e9b,celeba,current,42,laplace,11,0.7696653692192119,0.5329880037540142
semantic_probe__celeba__current__laplace__s42__e2b631794e9b,celeba,current,42,laplace,12,0.8155831656219421,0.5748057565599723
semantic_probe__celeba__current__laplace__s42__e2b631794e9b,celeba,current,42,laplace,13,0.8707875909880345,0.5320427578764299
semantic_probe__celeba__current__laplace__s42__e2b631794e9b,celeba,current,42,laplace,14,0.9001070450869858,0.5309199132898571
semantic_probe__celeba__current__laplace__s42__e2b631794e9b,celeba,current,42,laplace,15,0.9297335960115826,0.6913123901176663
semantic_probe__celeba__current__laplace__s42__e2b631794e9b,celeba,current,42,laplace,16,0.9302802013196575,0.5791369408030351
semantic_probe__celeba__current__laplace__s42__e2b631794e9b,celeba,current,42,laplace,17,0.9410863066472188,0.6142148420643614
semantic_probe__celeba__current__laplace__s42__e2b631794e9b,celeba,current,42,laplace,18,0.9038532904502722,0.8132716949384552
semantic_probe__celeba__current__laplace__s42__e2b631794e9b,celeba,current,42,laplace,19,0.9244887996806708,0.8478654618008867
semantic_probe__celeba__current__laplace__s42__e2b631794e9b,celeba,current,42,laplace,20,0.9531326703152294,0.8754472652209826
semantic_probe__celeba__current__laplace__s42__e2b631794e9b,celeba,current,42,laplace,21,0.9224950373582643,0.8447196772131749
semantic_probe__celeba__current__laplace__s42__e2b631794e9b,celeba,current,42,laplace,22,0.9245514584182717,0.5164485496818021
semantic_probe__celeba__current__laplace__s42__e2b631794e9b,celeba,current,42,laplace,23,0.7030001888251665,0.5018450304483555
semantic_probe__celeba__current__laplace__s42__e2b631794e9b,celeba,current,42,laplace,24,0.9200506838924293,0.6851281665353839
semantic_probe__celeba__current__laplace__s42__e2b631794e9b,celeba,current,42,laplace,25,0.6919855495388488,0.5590555993825581
semantic_probe__celeba__current__laplace__s42__e2b631794e9b,celeba,current,42,laplace,26,0.8224747361553135,0.49994770421504026
semantic_probe__celeba__current__laplace__s42__e2b631794e9b,celeba,current,42,laplace,27,0.7114295790636078,0.5493835723632037
semantic_probe__celeba__current__laplace__s42__e2b631794e9b,celeba,current,42,laplace,28,0.886669588746743,0.5484194851468972
semantic_probe__celeba__current__laplace__s42__e2b631794e9b,celeba,current,42,laplace,29,0.911727585042525,0.5533564776430792
semantic_probe__celeba__current__laplace__s42__e2b631794e9b,celeba,current,42,laplace,30,0.9159379500112779,0.545306846139428
semantic_probe__celeba__current__laplace__s42__e2b631794e9b,celeba,current,42,laplace,32,0.668579510409977,0.5145094748132245
semantic_probe__celeba__current__laplace__s42__e2b631794e9b,celeba,current,42,laplace,33,0.7746490485321783,0.6361303475876776
semantic_probe__celeba__current__laplace__s42__e2b631794e9b,celeba,current,42,laplace,34,0.7777045009672402,0.5420526844501082
semantic_probe__celeba__current__laplace__s42__e2b631794e9b,celeba,current,42,laplace,35,0.9571315410799306,0.6843722686775786
semantic_probe__celeba__current__laplace__s42__e2b631794e9b,celeba,current,42,laplace,36,0.9358396358292124,0.8596295248390939
semantic_probe__celeba__current__laplace__s42__e2b631794e9b,celeba,current,42,laplace,37,0.7420935965618478,0.5000944563574374
semantic_probe__celeba__current__laplace__s42__e2b631794e9b,celeba,current,42,laplace,38,0.8783937180176988,0.525776101529644
semantic_probe__celeba__current__laplace__s42__e2b631794e9b,celeba,current,42,laplace,39,0.8029034890388601,0.6195997465467071
semantic_probe__celeba__current__laplace__s123__6f292f0b951e,celeba,current,123,laplace,0,0.8968521771905207,0.6020638440253976
semantic_probe__celeba__current__laplace__s123__6f292f0b951e,celeba,current,123,laplace,1,0.7966841244619661,0.6083090626035392
semantic_probe__celeba__current__laplace__s123__6f292f0b951e,celeba,current,123,laplace,2,0.8198167613312384,0.7416214846923517
semantic_probe__celeba__current__laplace__s123__6f292f0b951e,celeba,current,123,laplace,3,0.8056510546482125,0.5766174856542977
semantic_probe__celeba__current__laplace__s123__6f292f0b951e,celeba,current,123,laplace,4,0.9586635058669712,0.5305793214443998
semantic_probe__celeba__current__laplace__s123__6f292f0b951e,celeba,current,123,laplace,5,0.939615249468485,0.7705402267811515
semantic_probe__celeba__current__laplace__s123__6f292f0b951e,celeba,current,123,laplace,6,0.669138616953034,0.5231930450831516
semantic_probe__celeba__current__laplace__s123__6f292f0b951e,celeba,current,123,laplace,7,0.7861196051757144,0.6060972645673626
semantic_probe__celeba__current__laplace__s123__6f292f0b951e,celeba,current,123,laplace,8,0.8428419902206965,0.6277553063402096
semantic_probe__celeba__current__laplace__s123__6f292f0b951e,celeba,current,123,laplace,9,0.9339552861462405,0.7366754940756122
semantic_probe__celeba__current__laplace__s123__6f292f0b951e,celeba,current,123,laplace,10,0.6991071241991232,0.5
semantic_probe__celeba__current__laplace__s123__6f292f0b951e,celeba,current,123,laplace,11,0.7621895862284714,0.5270844717033732
semantic_probe__celeba__current__laplace__s123__6f292f0b951e,celeba,current,123,laplace,12,0.8094818848552697,0.5570050484333406
semantic_probe__celeba__current__laplace__s123__6f292f0b951e,celeba,current,123,laplace,13,0.8598643769294583,0.519894670275122
semantic_probe__celeba__current__laplace__s123__6f292f0b951e,celeba,current,123,laplace,14,0.8887494676351188,0.5303758330752126
semantic_probe__celeba__current__laplace__s123__6f292f0b951e,celeba,current,123,laplace,15,0.9429943633637213,0.6956328169217662
semantic_probe__celeba__current__laplace__s123__6f292f0b951e,celeba,current,123,laplace,16,0.9321405978481188,0.600543779967931
semantic_probe__celeba__current__laplace__s123__6f292f0b951e,celeba,current,123,laplace,17,0.9356715169124008,0.5962106967053866
semantic_probe__celeba__current__laplace__s123__6f292f0b951e,celeba,current,123,laplace,18,0.9101421675788628,0.8165450157585128
semantic_probe__celeba__current__laplace__s123__6f292f0b951e,celeba,current,123,laplace,19,0.927380367389258,0.8500552304529548
semantic_probe__celeba__current__laplace__s123__6f292f0b951e,celeba,current,123,laplace,20,0.9522414234422268,0.8785076414550133
semantic_probe__celeba__current__laplace__s123__6f292f0b951e,celeba,current,123,laplace,21,0.9190557652322631,0.8426690201741966
semantic_probe__celeba__current__laplace__s123__6f292f0b951e,celeba,current,123,laplace,22,0.9283377703737103,0.5128193791563503
semantic_probe__celeba__current__laplace__s123__6f292f0b951e,celeba,current,123,laplace,23,0.704478285026553,0.5014279060597573
semantic_probe__celeba__current__laplace__s123__6f292f0b951e,celeba,current,123,laplace,24,0.9212047364833562,0.7318055909664352
semantic_probe__celeba__current__laplace__s123__6f292f0b951e,celeba,current,123,laplace,25,0.6860315310245344,0.5512530792642284
semantic_probe__celeba__current__laplace__s123__6f292f0b951e,celeba,current,123,laplace,26,0.8520359247139918,0.5011120325130366
semantic_probe__celeba__current__laplace__s123__6f292f0b951e,celeba,current,123,laplace,27,0.7109030667461215,0.5392335288945829
semantic_probe__celeba__current__laplace__s123__6f292f0b951e,celeba,current,123,laplace,28,0.8830389085604364,0.546247604536316
semantic_probe__celeba__current__laplace__s123__6f292f0b951e,celeba,current,123,laplace,29,0.9197818651318863,0.5542183217913274
semantic_probe__celeba__current__laplace__s123__6f292f0b951e,celeba,current,123,laplace,30,0.9209300826852113,0.5712919411078339
semantic_probe__celeba__current__laplace__s123__6f292f0b951e,celeba,current,123,laplace,32,0.6618010861216246,0.5047750704096623
semantic_probe__celeba__current__laplace__s123__6f292f0b951e,celeba,current,123,laplace,33,0.7737699700822394,0.6372260711434713
semantic_probe__celeba__current__laplace__s123__6f292f0b951e,celeba,current,123,laplace,34,0.7807815606338053,0.5261671459815047
semantic_probe__celeba__current__laplace__s123__6f292f0b951e,celeba,current,123,laplace,35,0.9530892072691454,0.6516474461140063
semantic_probe__celeba__current__laplace__s123__6f292f0b951e,celeba,current,123,laplace,36,0.9367429300985768,0.8585705019698803
semantic_probe__celeba__current__laplace__s123__6f292f0b951e,celeba,current,123,laplace,37,0.745250085290397,0.5012132312270311
semantic_probe__celeba__current__laplace__s123__6f292f0b951e,celeba,current,123,laplace,38,0.8819805991127254,0.511451218975452
semantic_probe__celeba__current__laplace__s123__6f292f0b951e,celeba,current,123,laplace,39,0.7916502280686584,0.6055713786444147
semantic_probe__celeba__current__laplace__s2024__6403206546ef,celeba,current,2024,laplace,0,0.8962849423158167,0.589999908451981
semantic_probe__celeba__current__laplace__s2024__6403206546ef,celeba,current,2024,laplace,1,0.7955526898169663,0.6324649324245081
semantic_probe__celeba__current__laplace__s2024__6403206546ef,celeba,current,2024,laplace,2,0.8225350482713825,0.7456821904571301
semantic_probe__celeba__current__laplace__s2024__6403206546ef,celeba,current,2024,laplace,3,0.8132793237602387,0.5773180061929728
semantic_probe__celeba__current__laplace__s2024__6403206546ef,celeba,current,2024,laplace,4,0.9497027040663172,0.5292181594258292
semantic_probe__celeba__current__laplace__s2024__6403206546ef,celeba,current,2024,laplace,5,0.9168358097416525,0.7019250829123771
semantic_probe__celeba__current__laplace__s2024__6403206546ef,celeba,current,2024,laplace,6,0.653767051636979,0.5310443376770092
semantic_probe__celeba__current__laplace__s2024__6403206546ef,celeba,current,2024,laplace,7,0.7878277784253896,0.6230048628978857
semantic_probe__celeba__current__laplace__s2024__6403206546ef,celeba,current,2024,laplace,8,0.843961214107079,0.6369252426686935
semantic_probe__celeba__current__laplace__s2024__6403206546ef,celeba,current,2024,laplace,9,0.9286265202075816,0.7120943904090361
semantic_probe__celeba__current__laplace__s2024__6403206546ef,celeba,current,2024,laplace,10,0.6938447939348599,0.5
semantic_probe__celeba__current__laplace__s2024__6403206546ef,celeba,current,2024,laplace,11,0.7538884308688926,0.5188775838109202
semantic_probe__celeba__current__laplace__s2024__6403206546ef,celeba,current,2024,laplace,12,0.8032327661412422,0.5635349769049663
semantic_probe__celeba__current__laplace__s2024__6403206546ef,celeba,current,2024,laplace,13,0.8616946373958322,0.5317817635139082
semantic_probe__celeba__current__laplace__s2024__6403206546ef,celeba,current,2024,laplace,14,0.8848800438967079,0.5228662898938732
semantic_probe__celeba__current__laplace__s2024__6403206546ef,celeba,current,2024,laplace,15,0.941955745896975,0.7007290389159357
semantic_probe__celeba__current__laplace__s2024__6403206546ef,celeba,current,2024,laplace,16,0.927549424044806,0.6165386399648153
semantic_probe__celeba__current__laplace__s2024__6403206546ef,celeba,current,2024,laplace,17,0.9281135101993794,0.5666886821741753
semantic_probe__celeba__current__laplace__s2024__6403206546ef,celeba,current,2024,laplace,18,0.90747589150425,0.8079424857817632
semantic_probe__celeba__current__laplace__s2024__6403206546ef,celeba,current,2024,laplace,19,0.92605054657925,0.8495782511426033
semantic_probe__celeba__current__laplace__s2024__6403206546ef,celeba,current,2024,laplace,20,0.9528158919022638,0.8793536062980176
semantic_probe__celeba__current__laplace__s2024__6403206546ef,celeba,current,2024,laplace,21,0.9151585505971006,0.8392275193732339
semantic_probe__celeba__current__laplace__s2024__6403206546ef,celeba,current,2024,laplace,22,0.9248505536400381,0.5343711102771035
semantic_probe__celeba__current__laplace__s2024__6403206546ef,celeba,current,2024,laplace,23,0.6880531720883254,0.500446546537592
semantic_probe__celeba__current__laplace__s2024__6403206546ef,celeba,current,2024,laplace,24,0.9131562919491688,0.7244161989567782
semantic_probe__celeba__current__laplace__s2024__6403206546ef,celeba,current,2024,laplace,25,0.6895847120038056,0.5561763949053848
semantic_probe__celeba__current__laplace__s2024__6403206546ef,celeba,current,2024,laplace,26,0.8579939710430767,0.5011381804055165
semantic_probe__celeba__current__laplace__s2024__6403206546ef,celeba,current,2024,laplace,27,0.7131946556614362,0.5479640671205084
semantic_probe__celeba__current__laplace__s2024__6403206546ef,celeba,current,2024,laplace,28,0.8754095845432908,0.5405752059911345
semantic_probe__celeba__current__laplace__s2024__6403206546ef,celeba,current,2024,laplace,29,0.9191441404094823,0.5589732940995578
semantic_probe__celeba__current__laplace__s2024__6403206546ef,celeba,current,2024,laplace,30,0.910065026275099,0.5518009641388807
semantic_probe__celeba__current__laplace__s2024__6403206546ef,celeba,current,2024,laplace,32,0.6719231068380751,0.5069676209372581
semantic_probe__celeba__current__laplace__s2024__6403206546ef,celeba,current,2024,laplace,33,0.7777485428498849,0.6452518853674071
semantic_probe__celeba__current__laplace__s2024__6403206546ef,celeba,current,2024,laplace,34,0.777784727364572,0.5467872817969427
semantic_probe__celeba__current__laplace__s2024__6403206546ef,celeba,current,2024,laplace,35,0.9504081132885616,0.6856110343197606
semantic_probe__celeba__current__laplace__s2024__6403206546ef,celeba,current,2024,laplace,36,0.9377558599573856,0.8594020468313837
semantic_probe__celeba__current__laplace__s2024__6403206546ef,celeba,current,2024,laplace,37,0.7410923169578797,0.5003995873302005
semantic_probe__celeba__current__laplace__s2024__6403206546ef,celeba,current,2024,laplace,38,0.8735480977265873,0.5159357830069015
semantic_probe__celeba__current__laplace__s2024__6403206546ef,celeba,current,2024,laplace,39,0.7907250332020102,0.6101229255021572
semantic_probe__celeba__current__laplace__s2025__cb6c328c27ea,celeba,current,2025,laplace,0,0.8905466957417221,0.5789927942777576
semantic_probe__celeba__current__laplace__s2025__cb6c328c27ea,celeba,current,2025,laplace,1,0.797821212303842,0.6137846985456501
semantic_probe__celeba__current__laplace__s2025__cb6c328c27ea,celeba,current,2025,laplace,2,0.8191005981600561,0.743460242004214
semantic_probe__celeba__current__laplace__s2025__cb6c328c27ea,celeba,current,2025,laplace,3,0.8062520089341706,0.5722883378415519
semantic_probe__celeba__current__laplace__s2025__cb6c328c27ea,celeba,current,2025,laplace,4,0.9475322253595494,0.5140564479333749
semantic_probe__celeba__current__laplace__s2025__cb6c328c27ea,celeba,current,2025,laplace,5,0.9345971351960858,0.7575182346537788
semantic_probe__celeba__current__laplace__s2025__cb6c328c27ea,celeba,current,2025,laplace,6,0.6623167876648948,0.5179831381525366
semantic_probe__celeba__current__laplace__s2025__cb6c328c27ea,celeba,current,2025,laplace,7,0.7853543882651117,0.6067851185590488
semantic_probe__celeba__current__laplace__s2025__cb6c328c27ea,celeba,current,2025,laplace,8,0.834929108421191,0.6414232960930988
semantic_probe__celeba__current__laplace__s2025__cb6c328c27ea,celeba,current,2025,laplace,9,0.9374834974964864,0.7147395059721897
semantic_probe__celeba__current__laplace__s2025__cb6c328c27ea,celeba,current,2025,laplace,10,0.6964207649131312,0.5
semantic_probe__celeba__current__laplace__s2025__cb6c328c27ea,celeba,current,2025,laplace,11,0.7497245736831689,0.518094348335912
semantic_probe__celeba__current__laplace__s2025__cb6c328c27ea,celeba,current,2025,laplace,12,0.8167250095784213,0.5628918384373144
semantic_probe__celeba__current__laplace__s2025__cb6c328c27ea,celeba,current,2025,laplace,13,0.8506813252833738,0.5193691816256769
semantic_probe__celeba__current__laplace__s2025__cb6c328c27ea,celeba,current,2025,laplace,14,0.879949254062432,0.5267749851553069
semantic_probe__celeba__current__laplace__s2025__cb6c328c27ea,celeba,current,2025,laplace,15,0.9374245336327552,0.7316132115266056
semantic_probe__celeba__current__laplace__s2025__cb6c328c27ea,celeba,current,2025,laplace,16,0.9304746010802727,0.5915166710131194
semantic_probe__celeba__current__laplace__s2025__cb6c328c27ea,celeba,current,2025,laplace,17,0.9267059333501255,0.5956573801253175
semantic_probe__celeba__current__laplace__s2025__cb6c328c27ea,celeba,current,2025,laplace,18,0.9086175286616306,0.8165300191564928
semantic_probe__celeba__current__laplace__s2025__cb6c328c27ea,celeba,current,2025,laplace,19,0.9258803562120972,0.8495499966468517
semantic_probe__celeba__current__laplace__s2025__cb6c328c27ea,celeba,current,2025,laplace,20,0.9508753635011387,0.8740594929777927
semantic_probe__celeba__current__laplace__s2025__cb6c328c27ea,celeba,current,2025,laplace,21,0.9219451519678743,0.8503885077391793
semantic_probe__celeba__current__laplace__s2025__cb6c328c27ea,celeba,current,2025,laplace,22,0.9181017072255357,0.5204090132220203
semantic_probe__celeba__current__laplace__s2025__cb6c328c27ea,celeba,current,2025,laplace,23,0.7086351747104653,0.5009225152241777
semantic_probe__celeba__current__laplace__s2025__cb6c328c27ea,celeba,current,2025,laplace,24,0.918572614638385,0.7118317923498477
semantic_probe__celeba__current__laplace__s2025__cb6c328c27ea,celeba,current,2025,laplace,25,0.68873215538065,0.5566606130807712
semantic_probe__celeba__current__laplace__s2025__cb6c328c27ea,celeba,current,2025,laplace,26,0.8363235316090666,0.5005690902027583
semantic_probe__celeba__current__laplace__s2025__cb6c328c27ea,celeba,current,2025,laplace,27,0.7092632181888685,0.5370074835081882
semantic_probe__celeba__current__laplace__s2025__cb6c328c27ea,celeba,current,2025,laplace,28,0.8699475848116293,0.5366404799691024
semantic_probe__celeba__current__laplace__s2025__cb6c328c27ea,celeba,current,2025,laplace,29,0.9165096159933913,0.5427245791966523
semantic_probe__celeba__current__laplace__s2025__cb6c328c27ea,celeba,current,2025,laplace,30,0.9228406379727486,0.5825259698913097
semantic_probe__celeba__current__laplace__s2025__cb6c328c27ea,celeba,current,2025,laplace,32,0.658954904525527,0.5046482634099159
semantic_probe__celeba__current__laplace__s2025__cb6c328c27ea,celeba,current,2025,laplace,33,0.7635451264660996,0.6329041061545302
semantic_probe__celeba__current__laplace__s2025__cb6c328c27ea,celeba,current,2025,laplace,34,0.7775217834721528,0.5527954444999339
semantic_probe__celeba__current__laplace__s2025__cb6c328c27ea,celeba,current,2025,laplace,35,0.9482354274258786,0.646200056007789
semantic_probe__celeba__current__laplace__s2025__cb6c328c27ea,celeba,current,2025,laplace,36,0.9362118497114013,0.8586065375920231
semantic_probe__celeba__current__laplace__s2025__cb6c328c27ea,celeba,current,2025,laplace,37,0.7409745472938971,0.5001816200508536
semantic_probe__celeba__current__laplace__s2025__cb6c328c27ea,celeba,current,2025,laplace,38,0.8683857614182285,0.5126922644317286
semantic_probe__celeba__current__laplace__s2025__cb6c328c27ea,celeba,current,2025,laplace,39,0.7874509066627187,0.6155968353385557
semantic_probe__celeba__current__learned__s7__4cee52df217e,celeba,current,7,learned,0,0.8905756254739284,0.6245236153697066
semantic_probe__celeba__current__learned__s7__4cee52df217e,celeba,current,7,learned,1,0.805501508719264,0.6376296980223748
semantic_probe__celeba__current__learned__s7__4cee52df217e,celeba,current,7,learned,2,0.8320652250731708,0.7517227689845004
semantic_probe__celeba__current__learned__s7__4cee52df217e,celeba,current,7,learned,3,0.8086857790486542,0.5873865765183466
semantic_probe__celeba__current__learned__s7__4cee52df217e,celeba,current,7,learned,4,0.9615544930022358,0.5943116494779127
semantic_probe__celeba__current__learned__s7__4cee52df217e,celeba,current,7,learned,5,0.9362765198557134,0.790399280082133
semantic_probe__celeba__current__learned__s7__4cee52df217e,celeba,current,7,learned,6,0.6704738370523139,0.5248673183822435
semantic_probe__celeba__current__learned__s7__4cee52df217e,celeba,current,7,learned,7,0.783525476285186,0.6232153351031166
semantic_probe__celeba__current__learned__s7__4cee52df217e,celeba,current,7,learned,8,0.8449795829005777,0.6451230328119633
semantic_probe__celeba__current__learned__s7__4cee52df217e,celeba,current,7,learned,9,0.9374774788085691,0.7745472729911705
semantic_probe__celeba__current__learned__s7__4cee52df217e,celeba,current,7,learned,10,0.7280698189067535,0.5
semantic_probe__celeba__current__learned__s7__4cee52df217e,celeba,current,7,learned,11,0.7595856794148504,0.5700872318827317
semantic_probe__celeba__current__learned__s7__4cee52df217e,celeba,current,7,learned,12,0.8317641992083739,0.5839138470856674
semantic_probe__celeba__current__learned__s7__4cee52df217e,celeba,current,7,learned,13,0.8669591236829284,0.5632955328164911
semantic_probe__celeba__current__learned__s7__4cee52df217e,celeba,current,7,learned,14,0.8872032736005611,0.5446862208185416
semantic_probe__celeba__current__learned__s7__4cee52df217e,celeba,current,7,learned,15,0.9433427295967175,0.7549261415807733
semantic_probe__celeba__current__learned__s7__4cee52df217e,celeba,current,7,learned,16,0.9353456692260531,0.6510602332280717
semantic_probe__celeba__current__learned__s7__4cee52df217e,celeba,current,7,learned,17,0.9364505209197763,0.6236070676125036
semantic_probe__celeba__current__learned__s7__4cee52df217e,celeba,current,7,learned,18,0.9183060990180641,0.8281820769110733
semantic_probe__celeba__current__learned__s7__4cee52df217e,celeba,current,7,learned,19,0.9276667771114904,0.8508296207468691
semantic_probe__celeba__current__learned__s7__4cee52df217e,celeba,current,7,learned,20,0.9613845463549713,0.8939126441535724
semantic_probe__celeba__current__learned__s7__4cee52df217e,celeba,current,7,learned,21,0.9287625482055116,0.8594015905330386
semantic_probe__celeba__current__learned__s7__4cee52df217e,celeba,current,7,learned,22,0.9325408986221774,0.5509238809073163
semantic_probe__celeba__current__learned__s7__4cee52df217e,celeba,current,7,learned,23,0.7074235333415599,0.5037702580615895
semantic_probe__celeba__current__learned__s7__4cee52df217e,celeba,current,7,learned,24,0.9215261314411358,0.7326860419865406
semantic_probe__celeba__current__learned__s7__4cee52df217e,celeba,current,7,learned,25,0.6948451153247945,0.5793875382181646
semantic_probe__celeba__current__learned__s7__4cee52df217e,celeba,current,7,learned,26,0.8474005570746237,0.5023025087035128
semantic_probe__celeba__current__learned__s7__4cee52df217e,celeba,current,7,learned,27,0.7215873259410774,0.5611121445168845
semantic_probe__celeba__current__learned__s7__4cee52df217e,celeba,current,7,learned,28,0.883090514597173,0.5476198339351991
semantic_probe__celeba__current__learned__s7__4cee52df217e,celeba,current,7,learned,29,0.9207222848649481,0.5811178158926941
semantic_probe__celeba__current__learned__s7__4cee52df217e,celeba,current,7,learned,30,0.9278061075139203,0.615889604645875
semantic_probe__celeba__current__learned__s7__4cee52df217e,celeba,current,7,learned,32,0.6872856689326483,0.5147014860327689
semantic_probe__celeba__current__learned__s7__4cee52df217e,celeba,current,7,learned,33,0.7844539346101734,0.6530021630907913
semantic_probe__celeba__current__learned__s7__4cee52df217e,celeba,current,7,learned,34,0.791724098342776,0.5845546964243686
semantic_probe__celeba__current__learned__s7__4cee52df217e,celeba,current,7,learned,35,0.9601154548276862,0.7404012179606122
semantic_probe__celeba__current__learned__s7__4cee52df217e,celeba,current,7,learned,36,0.9474257521357468,0.8727399439393133
semantic_probe__celeba__current__learned__s7__4cee52df217e,celeba,current,7,learned,37,0.7425204126520693,0.5015038929633644
semantic_probe__celeba__current__learned__s7__4cee52df217e,celeba,current,7,learned,38,0.879631163115603,0.5342531549439833
semantic_probe__celeba__current__learned__s7__4cee52df217e,celeba,current,7,learned,39,0.8049673144170313,0.648969727758802
semantic_probe__celeba__current__learned__s42__284b6fdfbdb6,celeba,current,42,learned,0,0.9011918463538433,0.6074684706389873
semantic_probe__celeba__current__learned__s42__284b6fdfbdb6,celeba,current,42,learned,1,0.8039176272128352,0.6351186675687451
semantic_probe__celeba__current__learned__s42__284b6fdfbdb6,celeba,current,42,learned,2,0.8350709681116224,0.7575103596429207
semantic_probe__celeba__current__learned__s42__284b6fdfbdb6,celeba,current,42,learned,3,0.8132485709047078,0.613294265299138
semantic_probe__celeba__current__learned__s42__284b6fdfbdb6,celeba,current,42,learned,4,0.9581557016899098,0.5977809792308455
semantic_probe__celeba__current__learned__s42__284b6fdfbdb6,celeba,current,42,learned,5,0.9356341136648716,0.7756550851222795
semantic_probe__celeba__current__learned__s42__284b6fdfbdb6,celeba,current,42,learned,6,0.6695022148495768,0.5307072115637232
semantic_probe__celeba__current__learned__s42__284b6fdfbdb6,celeba,current,42,learned,7,0.7915248246340358,0.637354001901175
semantic_probe__celeba__current__learned__s42__284b6fdfbdb6,celeba,current,42,learned,8,0.8663589662473482,0.691873560617323
semantic_probe__celeba__current__learned__s42__284b6fdfbdb6,celeba,current,42,learned,9,0.9463812475936111,0.7787682635672524
semantic_probe__celeba__current__learned__s42__284b6fdfbdb6,celeba,current,42,learned,10,0.7145354444161174,0.5004950495049505
semantic_probe__celeba__current__learned__s42__284b6fdfbdb6,celeba,current,42,learned,11,0.7883754865427955,0.5654476193719049
semantic_probe__celeba__current__learned__s42__284b6fdfbdb6,celeba,current,42,learned,12,0.8287667252944384,0.6112320431306696
semantic_probe__celeba__current__learned__s42__284b6fdfbdb6,celeba,current,42,learned,13,0.8743345643734095,0.5468941370866389
semantic_probe__celeba__current__learned__s42__284b6fdfbdb6,celeba,current,42,learned,14,0.90407378515441,0.5561569554553407
semantic_probe__celeba__current__learned__s42__284b6fdfbdb6,celeba,current,42,learned,15,0.9352717050962884,0.7340730261209862
semantic_probe__celeba__current__learned__s42__284b6fdfbdb6,celeba,current,42,learned,16,0.9382658542960023,0.6652057421374391
semantic_probe__celeba__current__learned__s42__284b6fdfbdb6,celeba,current,42,learned,17,0.945970478717692,0.6376803953614155
semantic_probe__celeba__current__learned__s42__284b6fdfbdb6,celeba,current,42,learned,18,0.9119723518479438,0.8198520060329664
semantic_probe__celeba__current__learned__s42__284b6fdfbdb6,celeba,current,42,learned,19,0.9261822802759134,0.8476738619438899
semantic_probe__celeba__current__learned__s42__284b6fdfbdb6,celeba,current,42,learned,20,0.9612399105662708,0.8924757850680005
semantic_probe__celeba__current__learned__s42__284b6fdfbdb6,celeba,current,42,learned,21,0.9281083216745356,0.8518930591000328
semantic_probe__celeba__current__learned__s42__284b6fdfbdb6,celeba,current,42,learned,22,0.9327254453015522,0.5536932286083803
semantic_probe__celeba__current__learned__s42__284b6fdfbdb6,celeba,current,42,learned,23,0.7109809467397246,0.506083187914428
semantic_probe__celeba__current__learned__s42__284b6fdfbdb6,celeba,current,42,learned,24,0.9281060895063058,0.7642313749582863
semantic_probe__celeba__current__learned__s42__284b6fdfbdb6,celeba,current,42,learned,25,0.6931367540715575,0.5804034834494644
semantic_probe__celeba__current__learned__s42__284b6fdfbdb6,celeba,current,42,learned,26,0.8449993089485559,0.5005429423102784
semantic_probe__celeba__current__learned__s42__284b6fdfbdb6,celeba,current,42,learned,27,0.718755029041052,0.563899376782543
semantic_probe__celeba__current__learned__s42__284b6fdfbdb6,celeba,current,42,learned,28,0.8917602802973646,0.5852123596490298
semantic_probe__celeba__current__learned__s42__284b6fdfbdb6,celeba,current,42,learned,29,0.9182438187206613,0.5615712252816661
semantic_probe__celeba__current__learned__s42__284b6fdfbdb6,celeba,current,42,learned,30,0.9253638496480694,0.6178393036815092
semantic_probe__celeba__current__learned__s42__284b6fdfbdb6,celeba,current,42,learned,32,0.6725934740094073,0.5265817886989844
semantic_probe__celeba__current__learned__s42__284b6fdfbdb6,celeba,current,42,learned,33,0.7847300130893252,0.6496553530982451
semantic_probe__celeba__current__learned__s42__284b6fdfbdb6,celeba,current,42,learned,34,0.7844743246061677,0.5665211616065945
semantic_probe__celeba__current__learned__s42__284b6fdfbdb6,celeba,current,42,learned,35,0.9601454656783385,0.7454564101899273
semantic_probe__celeba__current__learned__s42__284b6fdfbdb6,celeba,current,42,learned,36,0.9447533330989291,0.8686022740639912
semantic_probe__celeba__current__learned__s42__284b6fdfbdb6,celeba,current,42,learned,37,0.7477747506948451,0.5001525654863815
semantic_probe__celeba__current__learned__s42__284b6fdfbdb6,celeba,current,42,learned,38,0.8883596062586473,0.5450237521610333
semantic_probe__celeba__current__learned__s42__284b6fdfbdb6,celeba,current,42,learned,39,0.8100778281976668,0.6580729033602051
semantic_probe__celeba__current__learned__s123__733b2e33b3e0,celeba,current,123,learned,0,0.9056720752194249,0.6573752312145698
semantic_probe__celeba__current__learned__s123__733b2e33b3e0,celeba,current,123,learned,1,0.8052334226567209,0.6699653060163626
semantic_probe__celeba__current__learned__s123__733b2e33b3e0,celeba,current,123,learned,2,0.8274770806101407,0.7484823940279886
semantic_probe__celeba__current__learned__s123__733b2e33b3e0,celeba,current,123,learned,3,0.808951519443454,0.5799631089987592
semantic_probe__celeba__current__learned__s123__733b2e33b3e0,celeba,current,123,learned,4,0.9590668937931859,0.5840571992948091
semantic_probe__celeba__current__learned__s123__733b2e33b3e0,celeba,current,123,learned,5,0.9462615803499571,0.7932848833031589
semantic_probe__celeba__current__learned__s123__733b2e33b3e0,celeba,current,123,learned,6,0.6713608898040383,0.5341247227732093
semantic_probe__celeba__current__learned__s123__733b2e33b3e0,celeba,current,123,learned,7,0.7942422760260878,0.6299779057512345
semantic_probe__celeba__current__learned__s123__733b2e33b3e0,celeba,current,123,learned,8,0.8583354558863299,0.6849822821791296
semantic_probe__celeba__current__learned__s123__733b2e33b3e0,celeba,current,123,learned,9,0.9407628024227718,0.7796661996570434
semantic_probe__celeba__current__learned__s123__733b2e33b3e0,celeba,current,123,learned,10,0.7042157049178956,0.5
semantic_probe__celeba__current__learned__s123__733b2e33b3e0,celeba,current,123,learned,11,0.7846729900382423,0.5860192254898414
semantic_probe__celeba__current__learned__s123__733b2e33b3e0,celeba,current,123,learned,12,0.8265716444546994,0.6257336705720988
semantic_probe__celeba__current__learned__s123__733b2e33b3e0,celeba,current,123,learned,13,0.8724532050107716,0.5494157826190954
semantic_probe__celeba__current__learned__s123__733b2e33b3e0,celeba,current,123,learned,14,0.8949197541338164,0.5591612269665761
semantic_probe__celeba__current__learned__s123__733b2e33b3e0,celeba,current,123,learned,15,0.9474709837102121,0.7415509140053903
semantic_probe__celeba__current__learned__s123__733b2e33b3e0,celeba,current,123,learned,16,0.9362026519960259,0.6612493512596536
semantic_probe__celeba__current__learned__s123__733b2e33b3e0,celeba,current,123,learned,17,0.9415987814506088,0.6305273080159879
semantic_probe__celeba__current__learned__s123__733b2e33b3e0,celeba,current,123,learned,18,0.9157866126000284,0.830343222648135
semantic_probe__celeba__current__learned__s123__733b2e33b3e0,celeba,current,123,learned,19,0.9283131929337185,0.8493302327567366
semantic_probe__celeba__current__learned__s123__733b2e33b3e0,celeba,current,123,learned,20,0.9606038454217445,0.8919362213958412
semantic_probe__celeba__current__learned__s123__733b2e33b3e0,celeba,current,123,learned,21,0.924880005680511,0.8498277952048894
semantic_probe__celeba__current__learned__s123__733b2e33b3e0,celeba,current,123,learned,22,0.9361913655914268,0.5383092311140031
semantic_probe__celeba__current__learned__s123__733b2e33b3e0,celeba,current,123,learned,23,0.7051478768311125,0.5034414001199726
semantic_probe__celeba__current__learned__s123__733b2e33b3e0,celeba,current,123,learned,24,0.9318427327965353,0.7763211933375898
semantic_probe__celeba__current__learned__s123__733b2e33b3e0,celeba,current,123,learned,25,0.6923762986318083,0.5780921257935366
semantic_probe__celeba__current__learned__s123__733b2e33b3e0,celeba,current,123,learned,26,0.8714136609041693,0.5192506387556591
semantic_probe__celeba__current__learned__s123__733b2e33b3e0,celeba,current,123,learned,27,0.7212867700365356,0.5609718232051808
semantic_probe__celeba__current__learned__s123__733b2e33b3e0,celeba,current,123,learned,28,0.8872507140827801,0.5815313983148448
semantic_probe__celeba__current__learned__s123__733b2e33b3e0,celeba,current,123,learned,29,0.9254255518003418,0.6498088182533533
semantic_probe__celeba__current__learned__s123__733b2e33b3e0,celeba,current,123,learned,30,0.9264976568212009,0.6227660833151418
semantic_probe__celeba__current__learned__s123__733b2e33b3e0,celeba,current,123,learned,32,0.6651785179257886,0.5166948224611211
semantic_probe__celeba__current__learned__s123__733b2e33b3e0,celeba,current,123,learned,33,0.7826166813533834,0.6645133549759841
semantic_probe__celeba__current__learned__s123__733b2e33b3e0,celeba,current,123,learned,34,0.7908901173125459,0.5705538583409392
semantic_probe__celeba__current__learned__s123__733b2e33b3e0,celeba,current,123,learned,35,0.9562308415933811,0.7124232518461348
semantic_probe__celeba__current__learned__s123__733b2e33b3e0,celeba,current,123,learned,36,0.9448223167250182,0.8694141265592774
semantic_probe__celeba__current__learned__s123__733b2e33b3e0,celeba,current,123,learned,37,0.7505304384081544,0.5010098492757266
semantic_probe__celeba__current__learned__s123__733b2e33b3e0,celeba,current,123,learned,38,0.8907285843078977,0.5392836642268045
semantic_probe__celeba__current__learned__s123__733b2e33b3e0,celeba,current,123,learned,39,0.8040588925158891,0.6421570241085244
semantic_probe__celeba__current__learned__s2024__d7459e86341a,celeba,current,2024,learned,0,0.9027369005949282,0.6295655666911688
semantic_probe__celeba__current__learned__s2024__d7459e86341a,celeba,current,2024,learned,1,0.8041132944054731,0.6465522058490626
semantic_probe__celeba__current__learned__s2024__d7459e86341a,celeba,current,2024,learned,2,0.8338656291389984,0.7532298944464058
semantic_probe__celeba__current__learned__s2024__d7459e86341a,celeba,current,2024,learned,3,0.8114236296710073,0.5913167914551793
semantic_probe__celeba__current__learned__s2024__d7459e86341a,celeba,current,2024,learned,4,0.9559535835282215,0.5805111000040291
semantic_probe__celeba__current__learned__s2024__d7459e86341a,celeba,current,2024,learned,5,0.9303261679804156,0.7695329452488309
semantic_probe__celeba__current__learned__s2024__d7459e86341a,celeba,current,2024,learned,6,0.6660114686506581,0.5345842815967388
semantic_probe__celeba__current__learned__s2024__d7459e86341a,celeba,current,2024,learned,7,0.7932691857034528,0.6315216489988787
semantic_probe__celeba__current__learned__s2024__d7459e86341a,celeba,current,2024,learned,8,0.8552593501842056,0.6933455934023949
semantic_probe__celeba__current__learned__s2024__d7459e86341a,celeba,current,2024,learned,9,0.9373509559936137,0.7547513304124952
semantic_probe__celeba__current__learned__s2024__d7459e86341a,celeba,current,2024,learned,10,0.6975493064291655,0.5
semantic_probe__celeba__current__learned__s2024__d7459e86341a,celeba,current,2024,learned,11,0.7795260323006957,0.5592400972979185
semantic_probe__celeba__current__learned__s2024__d7459e86341a,celeba,current,2024,learned,12,0.817791087421432,0.5847180205355655
semantic_probe__celeba__current__learned__s2024__d7459e86341a,celeba,current,2024,learned,13,0.8703613501948357,0.5484212041019915
semantic_probe__celeba__current__learned__s2024__d7459e86341a,celeba,current,2024,learned,14,0.8918840021557364,0.5432795183137831
semantic_probe__celeba__current__learned__s2024__d7459e86341a,celeba,current,2024,learned,15,0.9508775152218594,0.7597683491266976
semantic_probe__celeba__current__learned__s2024__d7459e86341a,celeba,current,2024,learned,16,0.9344227007049861,0.6417132942066519
semantic_probe__celeba__current__learned__s2024__d7459e86341a,celeba,current,2024,learned,17,0.9392599795498227,0.62845340815677
semantic_probe__celeba__current__learned__s2024__d7459e86341a,celeba,current,2024,learned,18,0.9191386239234626,0.827263243436758
semantic_probe__celeba__current__learned__s2024__d7459e86341a,celeba,current,2024,learned,19,0.9275117693895999,0.847727717364821
semantic_probe__celeba__current__learned__s2024__d7459e86341a,celeba,current,2024,learned,20,0.9633291970771634,0.8948428281747256
semantic_probe__celeba__current__learned__s2024__d7459e86341a,celeba,current,2024,learned,21,0.9209950086013301,0.8486041673189975
semantic_probe__celeba__current__learned__s2024__d7459e86341a,celeba,current,2024,learned,22,0.9229008658978797,0.5449906444148642
semantic_probe__celeba__current__learned__s2024__d7459e86341a,celeba,current,2024,learned,23,0.6975597083257862,0.5027381235235394
semantic_probe__celeba__current__learned__s2024__d7459e86341a,celeba,current,2024,learned,24,0.9235268040039809,0.7461163553811787
semantic_probe__celeba__current__learned__s2024__d7459e86341a,celeba,current,2024,learned,25,0.6928093320746734,0.5645017477229994
semantic_probe__celeba__current__learned__s2024__d7459e86341a,celeba,current,2024,learned,26,0.8632010436744512,0.5149270847341133
semantic_probe__celeba__current__learned__s2024__d7459e86341a,celeba,current,2024,learned,27,0.7205549892317042,0.5628999255751108
semantic_probe__celeba__current__learned__s2024__d7459e86341a,celeba,current,2024,learned,28,0.8822936908921841,0.5724598519898797
semantic_probe__celeba__current__learned__s2024__d7459e86341a,celeba,current,2024,learned,29,0.9214397157561196,0.601424799585151
semantic_probe__celeba__current__learned__s2024__d7459e86341a,celeba,current,2024,learned,30,0.9227881910233061,0.5997171665644769
semantic_probe__celeba__current__learned__s2024__d7459e86341a,celeba,current,2024,learned,32,0.6833330433014126,0.5200582646386425
semantic_probe__celeba__current__learned__s2024__d7459e86341a,celeba,current,2024,learned,33,0.7862571190921555,0.6365889915583038
semantic_probe__celeba__current__learned__s2024__d7459e86341a,celeba,current,2024,learned,34,0.7887992101350693,0.5766595601784085
semantic_probe__celeba__current__learned__s2024__d7459e86341a,celeba,current,2024,learned,35,0.9519062250357557,0.7189002353935195
semantic_probe__celeba__current__learned__s2024__d7459e86341a,celeba,current,2024,learned,36,0.9472045348522298,0.8726351660683995
semantic_probe__celeba__current__learned__s2024__d7459e86341a,celeba,current,2024,learned,37,0.7468646768831647,0.5031748206495402
semantic_probe__celeba__current__learned__s2024__d7459e86341a,celeba,current,2024,learned,38,0.8842603383328,0.5522649777507479
semantic_probe__celeba__current__learned__s2024__d7459e86341a,celeba,current,2024,learned,39,0.8044698096993105,0.6361402106367842
semantic_probe__celeba__current__learned__s2025__b7df077ddb31,celeba,current,2025,learned,0,0.8989782403756238,0.6394855760513956
semantic_probe__celeba__current__learned__s2025__b7df077ddb31,celeba,current,2025,learned,1,0.8082141678065123,0.6538984273040557
semantic_probe__celeba__current__learned__s2025__b7df077ddb31,celeba,current,2025,learned,2,0.8278207489846353,0.7533392571639306
semantic_probe__celeba__current__learned__s2025__b7df077ddb31,celeba,current,2025,learned,3,0.8118621296678621,0.6048696680780623
semantic_probe__celeba__current__learned__s2025__b7df077ddb31,celeba,current,2025,learned,4,0.9555632627573851,0.5592345042593482
semantic_probe__celeba__current__learned__s2025__b7df077ddb31,celeba,current,2025,learned,5,0.9429944592883532,0.7899200734438065
semantic_probe__celeba__current__learned__s2025__b7df077ddb31,celeba,current,2025,learned,6,0.6702472333423096,0.5293543968223734
semantic_probe__celeba__current__learned__s2025__b7df077ddb31,celeba,current,2025,learned,7,0.7910157465837137,0.6210155242592088
semantic_probe__celeba__current__learned__s2025__b7df077ddb31,celeba,current,2025,learned,8,0.8525887958630005,0.6621829299045054
semantic_probe__celeba__current__learned__s2025__b7df077ddb31,celeba,current,2025,learned,9,0.9436012004349099,0.7831933680577585
semantic_probe__celeba__current__learned__s2025__b7df077ddb31,celeba,current,2025,learned,10,0.7023521381792042,0.5
semantic_probe__celeba__current__learned__s2025__b7df077ddb31,celeba,current,2025,learned,11,0.7739336152390843,0.5739782888590479
semantic_probe__celeba__current__learned__s2025__b7df077ddb31,celeba,current,2025,learned,12,0.8354056906504638,0.6128913977943281
semantic_probe__celeba__current__learned__s2025__b7df077ddb31,celeba,current,2025,learned,13,0.8694051208493898,0.5452488226254313
semantic_probe__celeba__current__learned__s2025__b7df077ddb31,celeba,current,2025,learned,14,0.8870141320559298,0.548778652759066
semantic_probe__celeba__current__learned__s2025__b7df077ddb31,celeba,current,2025,learned,15,0.9473834247554073,0.744574491938905
semantic_probe__celeba__current__learned__s2025__b7df077ddb31,celeba,current,2025,learned,16,0.9373304919295121,0.6480965549413142
semantic_probe__celeba__current__learned__s2025__b7df077ddb31,celeba,current,2025,learned,17,0.9349553213743406,0.6311841121258096
semantic_probe__celeba__current__learned__s2025__b7df077ddb31,celeba,current,2025,learned,18,0.9175346800587434,0.8369481844072164
semantic_probe__celeba__current__learned__s2025__b7df077ddb31,celeba,current,2025,learned,19,0.9272689274766297,0.8506106107120301
semantic_probe__celeba__current__learned__s2025__b7df077ddb31,celeba,current,2025,learned,20,0.9612918285277425,0.8896769724869731
semantic_probe__celeba__current__learned__s2025__b7df077ddb31,celeba,current,2025,learned,21,0.9270390245101742,0.8528625929426478
semantic_probe__celeba__current__learned__s2025__b7df077ddb31,celeba,current,2025,learned,22,0.9266086746389393,0.5307456522854358
semantic_probe__celeba__current__learned__s2025__b7df077ddb31,celeba,current,2025,learned,23,0.7134083434235707,0.5027300542414367
semantic_probe__celeba__current__learned__s2025__b7df077ddb31,celeba,current,2025,learned,24,0.9283157556193742,0.7434259533278993
semantic_probe__celeba__current__learned__s2025__b7df077ddb31,celeba,current,2025,learned,25,0.6885994932795845,0.5667492178660725
semantic_probe__celeba__current__learned__s2025__b7df077ddb31,celeba,current,2025,learned,26,0.8532005331679791,0.5040097793117875
semantic_probe__celeba__current__learned__s2025__b7df077ddb31,celeba,current,2025,learned,27,0.7153580532136974,0.5724891756346724
semantic_probe__celeba__current__learned__s2025__b7df077ddb31,celeba,current,2025,learned,28,0.8774046732772374,0.5636990082592925
semantic_probe__celeba__current__learned__s2025__b7df077ddb31,celeba,current,2025,learned,29,0.9202850315206808,0.6222012771076346
semantic_probe__celeba__current__learned__s2025__b7df077ddb31,celeba,current,2025,learned,30,0.9335207259905866,0.6197071979566283
semantic_probe__celeba__current__learned__s2025__b7df077ddb31,celeba,current,2025,learned,32,0.6770939270644876,0.5284019382404516
semantic_probe__celeba__current__learned__s2025__b7df077ddb31,celeba,current,2025,learned,33,0.7746240362197795,0.6546896297218463
semantic_probe__celeba__current__learned__s2025__b7df077ddb31,celeba,current,2025,learned,34,0.7885446776918645,0.5806403875848847
semantic_probe__celeba__current__learned__s2025__b7df077ddb31,celeba,current,2025,learned,35,0.9562642804747411,0.7220314298060538
semantic_probe__celeba__current__learned__s2025__b7df077ddb31,celeba,current,2025,learned,36,0.9459137495279063,0.8715054598744805
semantic_probe__celeba__current__learned__s2025__b7df077ddb31,celeba,current,2025,learned,37,0.7467748114213124,0.5012495784555244
semantic_probe__celeba__current__learned__s2025__b7df077ddb31,celeba,current,2025,learned,38,0.8789037944581205,0.5374500421395956
semantic_probe__celeba__current__learned__s2025__b7df077ddb31,celeba,current,2025,learned,39,0.802745913237612,0.6497422395077936
semantic_probe__celeba__current__standard__s7__109afd2ac70f,celeba,current,7,standard,0,0.8917545992831567,0.6245517496389436
semantic_probe__celeba__current__standard__s7__109afd2ac70f,celeba,current,7,standard,1,0.8062274544097106,0.6465390376609195
semantic_probe__celeba__current__standard__s7__109afd2ac70f,celeba,current,7,standard,2,0.8322172878383357,0.7541185493464178
semantic_probe__celeba__current__standard__s7__109afd2ac70f,celeba,current,7,standard,3,0.8110081399546925,0.5986031291962407
semantic_probe__celeba__current__standard__s7__109afd2ac70f,celeba,current,7,standard,4,0.9607080317149541,0.5700263412073834
semantic_probe__celeba__current__standard__s7__109afd2ac70f,celeba,current,7,standard,5,0.9361573790293098,0.777902099239413
semantic_probe__celeba__current__standard__s7__109afd2ac70f,celeba,current,7,standard,6,0.6730743604991871,0.5336199059235127
semantic_probe__celeba__current__standard__s7__109afd2ac70f,celeba,current,7,standard,7,0.7863643649270474,0.6399417990498932
semantic_probe__celeba__current__standard__s7__109afd2ac70f,celeba,current,7,standard,8,0.8423420211710708,0.650180805998487
semantic_probe__celeba__current__standard__s7__109afd2ac70f,celeba,current,7,standard,9,0.9350834316168413,0.7675348497240095
semantic_probe__celeba__current__standard__s7__109afd2ac70f,celeba,current,7,standard,10,0.7237300904003443,0.5
semantic_probe__celeba__current__standard__s7__109afd2ac70f,celeba,current,7,standard,11,0.7583150094595199,0.5413554289557073
semantic_probe__celeba__current__standard__s7__109afd2ac70f,celeba,current,7,standard,12,0.8322765023166249,0.6005483868727914
semantic_probe__celeba__current__standard__s7__109afd2ac70f,celeba,current,7,standard,13,0.8665493575338774,0.5538507368240846
semantic_probe__celeba__current__standard__s7__109afd2ac70f,celeba,current,7,standard,14,0.8861515672643854,0.5554291385616055
semantic_probe__celeba__current__standard__s7__109afd2ac70f,celeba,current,7,standard,15,0.9417086281445765,0.7254871798941207
semantic_probe__celeba__current__standard__s7__109afd2ac70f,celeba,current,7,standard,16,0.9345754720634978,0.6420068734201074
semantic_probe__celeba__current__standard__s7__109afd2ac70f,celeba,current,7,standard,17,0.9356081389362393,0.6258462058152181
semantic_probe__celeba__current__standard__s7__109afd2ac70f,celeba,current,7,standard,18,0.9179532362625502,0.8308690201778447
semantic_probe__celeba__current__standard__s7__109afd2ac70f,celeba,current,7,standard,19,0.9272724052623038,0.8500434100022242
semantic_probe__celeba__current__standard__s7__109afd2ac70f,celeba,current,7,standard,20,0.960819470860138,0.8903827307874042
semantic_probe__celeba__current__standard__s7__109afd2ac70f,celeba,current,7,standard,21,0.9277111758120662,0.8560325919418522
semantic_probe__celeba__current__standard__s7__109afd2ac70f,celeba,current,7,standard,22,0.9318927577240952,0.5659989280902457
semantic_probe__celeba__current__standard__s7__109afd2ac70f,celeba,current,7,standard,23,0.7090966702375057,0.5045831539718949
semantic_probe__celeba__current__standard__s7__109afd2ac70f,celeba,current,7,standard,24,0.9229913834690852,0.7487521737302272
semantic_probe__celeba__current__standard__s7__109afd2ac70f,celeba,current,7,standard,25,0.6983562168377138,0.5635691418901889
semantic_probe__celeba__current__standard__s7__109afd2ac70f,celeba,current,7,standard,26,0.8491049327376593,0.5035191327864689
semantic_probe__celeba__current__standard__s7__109afd2ac70f,celeba,current,7,standard,27,0.7206862853205906,0.5795534536158633
semantic_probe__celeba__current__standard__s7__109afd2ac70f,celeba,current,7,standard,28,0.882690446633606,0.5808648822761927
semantic_probe__celeba__current__standard__s7__109afd2ac70f,celeba,current,7,standard,29,0.9197664138178463,0.603487926870815
semantic_probe__celeba__current__standard__s7__109afd2ac70f,celeba,current,7,standard,30,0.9279787371160338,0.6090686647148497
semantic_probe__celeba__current__standard__s7__109afd2ac70f,celeba,current,7,standard,32,0.6843395927770249,0.5166257444236697
semantic_probe__celeba__current__standard__s7__109afd2ac70f,celeba,current,7,standard,33,0.786060798183808,0.6549989314891898
semantic_probe__celeba__current__standard__s7__109afd2ac70f,celeba,current,7,standard,34,0.7917910761335653,0.5874446147399358
semantic_probe__celeba__current__standard__s7__109afd2ac70f,celeba,current,7,standard,35,0.9605989006492502,0.7568785773448182
semantic_probe__celeba__current__standard__s7__109afd2ac70f,celeba,current,7,standard,36,0.9468119145292572,0.8738995306337587
semantic_probe__celeba__current__standard__s7__109afd2ac70f,celeba,current,7,standard,37,0.7449970372365113,0.5000944563574374
semantic_probe__celeba__current__standard__s7__109afd2ac70f,celeba,current,7,standard,38,0.8776263218465472,0.5332887017250184
semantic_probe__celeba__current__standard__s7__109afd2ac70f,celeba,current,7,standard,39,0.8026499292942394,0.6447450285421555
semantic_probe__celeba__current__standard__s42__39074109a3d8,celeba,current,42,standard,0,0.9000938981235781,0.6287010798647055
semantic_probe__celeba__current__standard__s42__39074109a3d8,celeba,current,42,standard,1,0.8064770581557493,0.6501495748352077
semantic_probe__celeba__current__standard__s42__39074109a3d8,celeba,current,42,standard,2,0.8380484970948507,0.7605156559546484
semantic_probe__celeba__current__standard__s42__39074109a3d8,celeba,current,42,standard,3,0.8143427978870303,0.5827384377223224
semantic_probe__celeba__current__standard__s42__39074109a3d8,celeba,current,42,standard,4,0.9575335599032885,0.5791243481395093
semantic_probe__celeba__current__standard__s42__39074109a3d8,celeba,current,42,standard,5,0.9350913143579707,0.7922557107771844
semantic_probe__celeba__current__standard__s42__39074109a3d8,celeba,current,42,standard,6,0.670244308503884,0.5346085697286954
semantic_probe__celeba__current__standard__s42__39074109a3d8,celeba,current,42,standard,7,0.7927409246536243,0.6246259690644465
semantic_probe__celeba__current__standard__s42__39074109a3d8,celeba,current,42,standard,8,0.869350776575336,0.6831115223169958
semantic_probe__celeba__current__standard__s42__39074109a3d8,celeba,current,42,standard,9,0.947473052791498,0.8039007833420101
semantic_probe__celeba__current__standard__s42__39074109a3d8,celeba,current,42,standard,10,0.719890714008083,0.5004686670651024
semantic_probe__celeba__current__standard__s42__39074109a3d8,celeba,current,42,standard,11,0.7896763758866305,0.5839163306001103
semantic_probe__celeba__current__standard__s42__39074109a3d8,celeba,current,42,standard,12,0.8294671584776506,0.5783183488012374
semantic_probe__celeba__current__standard__s42__39074109a3d8,celeba,current,42,standard,13,0.8781071328859296,0.5557675454210189
semantic_probe__celeba__current__standard__s42__39074109a3d8,celeba,current,42,standard,14,0.9020638364069097,0.5498739430109828
semantic_probe__celeba__current__standard__s42__39074109a3d8,celeba,current,42,standard,15,0.9369874866932202,0.7316797895693458
semantic_probe__celeba__current__standard__s42__39074109a3d8,celeba,current,42,standard,16,0.9391690844706552,0.6525420723714505
semantic_probe__celeba__current__standard__s42__39074109a3d8,celeba,current,42,standard,17,0.9455867124615257,0.6423197608461765
semantic_probe__celeba__current__standard__s42__39074109a3d8,celeba,current,42,standard,18,0.9134760580081898,0.8282831685887173
semantic_probe__celeba__current__standard__s42__39074109a3d8,celeba,current,42,standard,19,0.9259931229100116,0.8478070229398764
semantic_probe__celeba__current__standard__s42__39074109a3d8,celeba,current,42,standard,20,0.9613718565912766,0.8891341966853046
semantic_probe__celeba__current__standard__s42__39074109a3d8,celeba,current,42,standard,21,0.928430877199337,0.8535717482801581
semantic_probe__celeba__current__standard__s42__39074109a3d8,celeba,current,42,standard,22,0.9331234964238174,0.5598051392267669
semantic_probe__celeba__current__standard__s42__39074109a3d8,celeba,current,42,standard,23,0.7077497147399733,0.5066981980638798
semantic_probe__celeba__current__standard__s42__39074109a3d8,celeba,current,42,standard,24,0.9266996902430031,0.7461843389126905
semantic_probe__celeba__current__standard__s42__39074109a3d8,celeba,current,42,standard,25,0.6916035079969245,0.5736758065581562
semantic_probe__celeba__current__standard__s42__39074109a3d8,celeba,current,42,standard,26,0.8431341860036558,0.5027931552288314
semantic_probe__celeba__current__standard__s42__39074109a3d8,celeba,current,42,standard,27,0.7209640998769028,0.5591664958350195
semantic_probe__celeba__current__standard__s42__39074109a3d8,celeba,current,42,standard,28,0.8916766668846808,0.5872237348216208
semantic_probe__celeba__current__standard__s42__39074109a3d8,celeba,current,42,standard,29,0.9194253731680772,0.6004485403407429
semantic_probe__celeba__current__standard__s42__39074109a3d8,celeba,current,42,standard,30,0.9261897827329099,0.607737720549492
semantic_probe__celeba__current__standard__s42__39074109a3d8,celeba,current,42,standard,32,0.6769846884330831,0.5158370744929082
semantic_probe__celeba__current__standard__s42__39074109a3d8,celeba,current,42,standard,33,0.7836403000762076,0.6613721554049927
semantic_probe__celeba__current__standard__s42__39074109a3d8,celeba,current,42,standard,34,0.7890273219024877,0.5914051444545856
semantic_probe__celeba__current__standard__s42__39074109a3d8,celeba,current,42,standard,35,0.9616147508036708,0.7565440950394713
semantic_probe__celeba__current__standard__s42__39074109a3d8,celeba,current,42,standard,36,0.9452058954559434,0.8725437444090979
semantic_probe__celeba__current__standard__s42__39074109a3d8,celeba,current,42,standard,37,0.7481693988546232,0.5005521528165819
semantic_probe__celeba__current__standard__s42__39074109a3d8,celeba,current,42,standard,38,0.8873710864730224,0.5384953012627786
semantic_probe__celeba__current__standard__s42__39074109a3d8,celeba,current,42,standard,39,0.8139961785479858,0.6532625970020582
semantic_probe__celeba__current__standard__s123__aebaf4ba94e9,celeba,current,123,standard,0,0.9054853786649351,0.6468699285746822
semantic_probe__celeba__current__standard__s123__aebaf4ba94e9,celeba,current,123,standard,1,0.8058868816635594,0.669994823471807
semantic_probe__celeba__current__standard__s123__aebaf4ba94e9,celeba,current,123,standard,2,0.8275467398626564,0.7479361024581093
semantic_probe__celeba__current__standard__s123__aebaf4ba94e9,celeba,current,123,standard,3,0.8089712369940079,0.5801454594534861
semantic_probe__celeba__current__standard__s123__aebaf4ba94e9,celeba,current,123,standard,4,0.9602856480165692,0.5689722573402023
semantic_probe__celeba__current__standard__s123__aebaf4ba94e9,celeba,current,123,standard,5,0.9467937967832912,0.7880339744404422
semantic_probe__celeba__current__standard__s123__aebaf4ba94e9,celeba,current,123,standard,6,0.6690970477581758,0.5333221539509059
semantic_probe__celeba__current__standard__s123__aebaf4ba94e9,celeba,current,123,standard,7,0.7924871292138006,0.6289919416380149
semantic_probe__celeba__current__standard__s123__aebaf4ba94e9,celeba,current,123,standard,8,0.8573154824935043,0.6895116284615583
semantic_probe__celeba__current__standard__s123__aebaf4ba94e9,celeba,current,123,standard,9,0.9409696975359448,0.77910255061999
semantic_probe__celeba__current__standard__s123__aebaf4ba94e9,celeba,current,123,standard,10,0.7045883764716699,0.5
semantic_probe__celeba__current__standard__s123__aebaf4ba94e9,celeba,current,123,standard,11,0.783388155276582,0.5749647773873849
semantic_probe__celeba__current__standard__s123__aebaf4ba94e9,celeba,current,123,standard,12,0.8255530470061916,0.6205743420799631
semantic_probe__celeba__current__standard__s123__aebaf4ba94e9,celeba,current,123,standard,13,0.8724164808040145,0.5455327664922438
semantic_probe__celeba__current__standard__s123__aebaf4ba94e9,celeba,current,123,standard,14,0.8941051431493013,0.5531896267750599
semantic_probe__celeba__current__standard__s123__aebaf4ba94e9,celeba,current,123,standard,15,0.9464203593452741,0.7420328933338325
semantic_probe__celeba__current__standard__s123__aebaf4ba94e9,celeba,current,123,standard,16,0.9357229929644844,0.6556584359483486
semantic_probe__celeba__current__standard__s123__aebaf4ba94e9,celeba,current,123,standard,17,0.9412739998320767,0.627615500869881
semantic_probe__celeba__current__standard__s123__aebaf4ba94e9,celeba,current,123,standard,18,0.9169669232862988,0.8301508287413877
semantic_probe__celeba__current__standard__s123__aebaf4ba94e9,celeba,current,123,standard,19,0.9287509667440063,0.849800819374346
semantic_probe__celeba__current__standard__s123__aebaf4ba94e9,celeba,current,123,standard,20,0.9614796984154357,0.8933208661785041
semantic_probe__celeba__current__standard__s123__aebaf4ba94e9,celeba,current,123,standard,21,0.9249676970128838,0.8495071019287606
semantic_probe__celeba__current__standard__s123__aebaf4ba94e9,celeba,current,123,standard,22,0.933981462981313,0.5373749551120915
semantic_probe__celeba__current__standard__s123__aebaf4ba94e9,celeba,current,123,standard,23,0.7077788890608925,0.5028771649864056
semantic_probe__celeba__current__standard__s123__aebaf4ba94e9,celeba,current,123,standard,24,0.9326106112046945,0.7724672262222928
semantic_probe__celeba__current__standard__s123__aebaf4ba94e9,celeba,current,123,standard,25,0.6918285846327138,0.5717981030217419
semantic_probe__celeba__current__standard__s123__aebaf4ba94e9,celeba,current,123,standard,26,0.8754983041224019,0.5139980874684358
semantic_probe__celeba__current__standard__s123__aebaf4ba94e9,celeba,current,123,standard,27,0.7199648392566009,0.5631805927904061
semantic_probe__celeba__current__standard__s123__aebaf4ba94e9,celeba,current,123,standard,28,0.884527905907815,0.5900244529243076
semantic_probe__celeba__current__standard__s123__aebaf4ba94e9,celeba,current,123,standard,29,0.9252407766961019,0.6473916674455134
semantic_probe__celeba__current__standard__s123__aebaf4ba94e9,celeba,current,123,standard,30,0.9265352972224504,0.6242662532784307
semantic_probe__celeba__current__standard__s123__aebaf4ba94e9,celeba,current,123,standard,32,0.6667540948976374,0.5169613138778912
semantic_probe__celeba__current__standard__s123__aebaf4ba94e9,celeba,current,123,standard,33,0.783045120856621,0.6616820967070843
semantic_probe__celeba__current__standard__s123__aebaf4ba94e9,celeba,current,123,standard,34,0.7894689956966905,0.5798815432215697
semantic_probe__celeba__current__standard__s123__aebaf4ba94e9,celeba,current,123,standard,35,0.9564601456838258,0.699783043052887
semantic_probe__celeba__current__standard__s123__aebaf4ba94e9,celeba,current,123,standard,36,0.9456964998840585,0.8708847078135609
semantic_probe__celeba__current__standard__s123__aebaf4ba94e9,celeba,current,123,standard,37,0.7513879016118097,0.5008209365608518
semantic_probe__celeba__current__standard__s123__aebaf4ba94e9,celeba,current,123,standard,38,0.8903887643866566,0.5402481174457695
semantic_probe__celeba__current__standard__s123__aebaf4ba94e9,celeba,current,123,standard,39,0.8025831717997128,0.6443111560064303
semantic_probe__celeba__current__standard__s2024__5e38558cde17,celeba,current,2024,standard,0,0.9018565882420191,0.6304291324552465
semantic_probe__celeba__current__standard__s2024__5e38558cde17,celeba,current,2024,standard,1,0.8020742041704392,0.619899571111619
semantic_probe__celeba__current__standard__s2024__5e38558cde17,celeba,current,2024,standard,2,0.8325665879811919,0.7547619161392145
semantic_probe__celeba__current__standard__s2024__5e38558cde17,celeba,current,2024,standard,3,0.8109187780585831,0.5919915370626658
semantic_probe__celeba__current__standard__s2024__5e38558cde17,celeba,current,2024,standard,4,0.9526642296421887,0.5663011129949593
semantic_probe__celeba__current__standard__s2024__5e38558cde17,celeba,current,2024,standard,5,0.9281806120343934,0.7562300155219932
semantic_probe__celeba__current__standard__s2024__5e38558cde17,celeba,current,2024,standard,6,0.6616747941825979,0.5321144864544746
semantic_probe__celeba__current__standard__s2024__5e38558cde17,celeba,current,2024,standard,7,0.7931452097481484,0.6336944654417588
semantic_probe__celeba__current__standard__s2024__5e38558cde17,celeba,current,2024,standard,8,0.8545718776780318,0.6899226215271523
semantic_probe__celeba__current__standard__s2024__5e38558cde17,celeba,current,2024,standard,9,0.9382020028107491,0.7527266177233628
semantic_probe__celeba__current__standard__s2024__5e38558cde17,celeba,current,2024,standard,10,0.6919373435338468,0.5
semantic_probe__celeba__current__standard__s2024__5e38558cde17,celeba,current,2024,standard,11,0.7752021740934716,0.5654011836636539
semantic_probe__celeba__current__standard__s2024__5e38558cde17,celeba,current,2024,standard,12,0.8171393141316253,0.590481630795657
semantic_probe__celeba__current__standard__s2024__5e38558cde17,celeba,current,2024,standard,13,0.8668291264908679,0.5627241451584646
semantic_probe__celeba__current__standard__s2024__5e38558cde17,celeba,current,2024,standard,14,0.8877157583512216,0.5375703990923966
semantic_probe__celeba__current__standard__s2024__5e38558cde17,celeba,current,2024,standard,15,0.9518529199010681,0.7541373216066792
semantic_probe__celeba__current__standard__s2024__5e38558cde17,celeba,current,2024,standard,16,0.9321632051402327,0.6778072705395712
semantic_probe__celeba__current__standard__s2024__5e38558cde17,celeba,current,2024,standard,17,0.9357742722190656,0.6254122415984723
semantic_probe__celeba__current__standard__s2024__5e38558cde17,celeba,current,2024,standard,18,0.916847403492492,0.8226664100026002
semantic_probe__celeba__current__standard__s2024__5e38558cde17,celeba,current,2024,standard,19,0.926468966411747,0.847475025076242
semantic_probe__celeba__current__standard__s2024__5e38558cde17,celeba,current,2024,standard,20,0.9606408351833063,0.8912444176020251
semantic_probe__celeba__current__standard__s2024__5e38558cde17,celeba,current,2024,standard,21,0.9195058923204449,0.84377670676672
semantic_probe__celeba__current__standard__s2024__5e38558cde17,celeba,current,2024,standard,22,0.9230350571190198,0.5507675494847003
semantic_probe__celeba__current__standard__s2024__5e38558cde17,celeba,current,2024,standard,23,0.6919124103417507,0.5004171243885982
semantic_probe__celeba__current__standard__s2024__5e38558cde17,celeba,current,2024,standard,24,0.9227823501814431,0.7632537098988823
semantic_probe__celeba__current__standard__s2024__5e38558cde17,celeba,current,2024,standard,25,0.6909586430374223,0.5687055424532523
semantic_probe__celeba__current__standard__s2024__5e38558cde17,celeba,current,2024,standard,26,0.8607005269422903,0.5143841424238349
semantic_probe__celeba__current__standard__s2024__5e38558cde17,celeba,current,2024,standard,27,0.7195064157284204,0.5758551656834174
semantic_probe__celeba__current__standard__s2024__5e38558cde17,celeba,current,2024,standard,28,0.8789192635996286,0.6016880635140085
semantic_probe__celeba__current__standard__s2024__5e38558cde17,celeba,current,2024,standard,29,0.9192629459399977,0.5663024553268594
semantic_probe__celeba__current__standard__s2024__5e38558cde17,celeba,current,2024,standard,30,0.9187365010799138,0.6270099463696613
semantic_probe__celeba__current__standard__s2024__5e38558cde17,celeba,current,2024,standard,32,0.6797014981384489,0.5281612016582361
semantic_probe__celeba__current__standard__s2024__5e38558cde17,celeba,current,2024,standard,33,0.7859613776293889,0.6361975475143155
semantic_probe__celeba__current__standard__s2024__5e38558cde17,celeba,current,2024,standard,34,0.7841913202875507,0.552854087378808
semantic_probe__celeba__current__standard__s2024__5e38558cde17,celeba,current,2024,standard,35,0.9531161328921605,0.7332759938063588
semantic_probe__celeba__current__standard__s2024__5e38558cde17,celeba,current,2024,standard,36,0.9455657638940405,0.8680724106207951
semantic_probe__celeba__current__standard__s2024__5e38558cde17,celeba,current,2024,standard,37,0.7478996125009728,0.5003051309727631
semantic_probe__celeba__current__standard__s2024__5e38558cde17,celeba,current,2024,standard,38,0.8784238108526506,0.5303000577174029
semantic_probe__celeba__current__standard__s2024__5e38558cde17,celeba,current,2024,standard,39,0.7976749503552976,0.6302167061684334
semantic_probe__celeba__current__standard__s2025__96ccaf228693,celeba,current,2025,standard,0,0.8989941496350137,0.636031312995085
semantic_probe__celeba__current__standard__s2025__96ccaf228693,celeba,current,2025,standard,1,0.806665050070186,0.6732027568563599
semantic_probe__celeba__current__standard__s2025__96ccaf228693,celeba,current,2025,standard,2,0.830580345598234,0.7546645196746079
semantic_probe__celeba__current__standard__s2025__96ccaf228693,celeba,current,2025,standard,3,0.8137120071185094,0.5978088590434324
semantic_probe__celeba__current__standard__s2025__96ccaf228693,celeba,current,2025,standard,4,0.9545772369911327,0.5676878648594791
semantic_probe__celeba__current__standard__s2025__96ccaf228693,celeba,current,2025,standard,5,0.9439360105834079,0.7950944592559082
semantic_probe__celeba__current__standard__s2025__96ccaf228693,celeba,current,2025,standard,6,0.6684026751518681,0.5268080085428544
semantic_probe__celeba__current__standard__s2025__96ccaf228693,celeba,current,2025,standard,7,0.7951856529790883,0.6229604580846203
semantic_probe__celeba__current__standard__s2025__96ccaf228693,celeba,current,2025,standard,8,0.8548128212686913,0.6836143897930739
semantic_probe__celeba__current__standard__s2025__96ccaf228693,celeba,current,2025,standard,9,0.9454237221478154,0.7796503164048139
semantic_probe__celeba__current__standard__s2025__96ccaf228693,celeba,current,2025,standard,10,0.7019710817113791,0.5009637165700529
semantic_probe__celeba__current__standard__s2025__96ccaf228693,celeba,current,2025,standard,11,0.7765673158160192,0.5478683796661822
semantic_probe__celeba__current__standard__s2025__96ccaf228693,celeba,current,2025,standard,12,0.8346808551927862,0.6058182766960215
semantic_probe__celeba__current__standard__s2025__96ccaf228693,celeba,current,2025,standard,13,0.8679693518619997,0.5593401682523658
semantic_probe__celeba__current__standard__s2025__96ccaf228693,celeba,current,2025,standard,14,0.8886784281524035,0.5447387170125675
semantic_probe__celeba__current__standard__s2025__96ccaf228693,celeba,current,2025,standard,15,0.9464459103569967,0.7571333958495269
semantic_probe__celeba__current__standard__s2025__96ccaf228693,celeba,current,2025,standard,16,0.9364818864809826,0.6420331242732602
semantic_probe__celeba__current__standard__s2025__96ccaf228693,celeba,current,2025,standard,17,0.9359101402809263,0.6141889701819232
semantic_probe__celeba__current__standard__s2025__96ccaf228693,celeba,current,2025,standard,18,0.9180131029060998,0.8330758847224533
semantic_probe__celeba__current__standard__s2025__96ccaf228693,celeba,current,2025,standard,19,0.9259644512810071,0.8485239393075339
semantic_probe__celeba__current__standard__s2025__96ccaf228693,celeba,current,2025,standard,20,0.9610316724965672,0.8905246201259969
semantic_probe__celeba__current__standard__s2025__96ccaf228693,celeba,current,2025,standard,21,0.9271216511285021,0.8539337272579908
semantic_probe__celeba__current__standard__s2025__96ccaf228693,celeba,current,2025,standard,22,0.9271753422956149,0.5335671104607052
semantic_probe__celeba__current__standard__s2025__96ccaf228693,celeba,current,2025,standard,23,0.7147844335895307,0.503711413763602
semantic_probe__celeba__current__standard__s2025__96ccaf228693,celeba,current,2025,standard,24,0.9277637209058259,0.7461696131654689
semantic_probe__celeba__current__standard__s2025__96ccaf228693,celeba,current,2025,standard,25,0.6907148014785024,0.5782079693652326
semantic_probe__celeba__current__standard__s2025__96ccaf228693,celeba,current,2025,standard,26,0.8565371910190706,0.5074243205283369
semantic_probe__celeba__current__standard__s2025__96ccaf228693,celeba,current,2025,standard,27,0.7159719036206539,0.5782038139263663
semantic_probe__celeba__current__standard__s2025__96ccaf228693,celeba,current,2025,standard,28,0.8778305604163538,0.5515819302221755
semantic_probe__celeba__current__standard__s2025__96ccaf228693,celeba,current,2025,standard,29,0.9211446333440865,0.6172876461845053
semantic_probe__celeba__current__standard__s2025__96ccaf228693,celeba,current,2025,standard,30,0.9311156830504621,0.6321817431743515
semantic_probe__celeba__current__standard__s2025__96ccaf228693,celeba,current,2025,standard,32,0.6746495708233738,0.5192902197604649
semantic_probe__celeba__current__standard__s2025__96ccaf228693,celeba,current,2025,standard,33,0.7748533094270186,0.6313939532423138
semantic_probe__celeba__current__standard__s2025__96ccaf228693,celeba,current,2025,standard,34,0.7916804261596837,0.5827314401832303
semantic_probe__celeba__current__standard__s2025__96ccaf228693,celeba,current,2025,standard,35,0.9559052410039592,0.7309913671591043
semantic_probe__celeba__current__standard__s2025__96ccaf228693,celeba,current,2025,standard,36,0.9460259950096044,0.8729371894379079
semantic_probe__celeba__current__standard__s2025__96ccaf228693,celeba,current,2025,standard,37,0.7467832966628073,0.5014021439419059
semantic_probe__celeba__current__standard__s2025__96ccaf228693,celeba,current,2025,standard,38,0.8802701400870564,0.5373008871860627
semantic_probe__celeba__current__standard__s2025__96ccaf228693,celeba,current,2025,standard,39,0.8051916340651533,0.6403434557429541
semantic_probe__celeba__early__afd__s7__d7eaa9c8a04c,celeba,early,7,afd,0,0.934298526702101,0.7013947843084016
semantic_probe__celeba__early__afd__s7__d7eaa9c8a04c,celeba,early,7,afd,1,0.837576280552046,0.7052486153921422
semantic_probe__celeba__early__afd__s7__d7eaa9c8a04c,celeba,early,7,afd,2,0.8682799149898119,0.781338983947874
semantic_probe__celeba__early__afd__s7__d7eaa9c8a04c,celeba,early,7,afd,3,0.8350419780360931,0.6295425287529492
semantic_probe__celeba__early__afd__s7__d7eaa9c8a04c,celeba,early,7,afd,4,0.9693247317573134,0.6054410546065534
semantic_probe__celeba__early__afd__s7__d7eaa9c8a04c,celeba,early,7,afd,5,0.9598715947218619,0.8272482923641256
semantic_probe__celeba__early__afd__s7__d7eaa9c8a04c,celeba,early,7,afd,6,0.6975766499235916,0.5404247563250401
semantic_probe__celeba__early__afd__s7__d7eaa9c8a04c,celeba,early,7,afd,7,0.8149065801443788,0.6594973573427775
semantic_probe__celeba__early__afd__s7__d7eaa9c8a04c,celeba,early,7,afd,8,0.8900911869062667,0.7121240227165601
semantic_probe__celeba__early__afd__s7__d7eaa9c8a04c,celeba,early,7,afd,9,0.9605775072289441,0.8278862107296909
semantic_probe__celeba__early__afd__s7__d7eaa9c8a04c,celeba,early,7,afd,10,0.7706020211561048,0.5028647672703108
semantic_probe__celeba__early__afd__s7__d7eaa9c8a04c,celeba,early,7,afd,11,0.8305388116970315,0.6467050098213013
semantic_probe__celeba__early__afd__s7__d7eaa9c8a04c,celeba,early,7,afd,12,0.8749177243878714,0.6670613759598005
semantic_probe__celeba__early__afd__s7__d7eaa9c8a04c,celeba,early,7,afd,13,0.9086873223538371,0.6186044881430561
semantic_probe__celeba__early__afd__s7__d7eaa9c8a04c,celeba,early,7,afd,14,0.923923700088151,0.6144328769461038
semantic_probe__celeba__early__afd__s7__d7eaa9c8a04c,celeba,early,7,afd,15,0.9722585395116483,0.8085913469649989
semantic_probe__celeba__early__afd__s7__d7eaa9c8a04c,celeba,early,7,afd,16,0.960643802890807,0.7346951931675485
semantic_probe__celeba__early__afd__s7__d7eaa9c8a04c,celeba,early,7,afd,17,0.9644724544182992,0.7125052964136689
semantic_probe__celeba__early__afd__s7__d7eaa9c8a04c,celeba,early,7,afd,18,0.949456488775585,0.8697813178830563
semantic_probe__celeba__early__afd__s7__d7eaa9c8a04c,celeba,early,7,afd,19,0.9333382112795405,0.8588042938631597
semantic_probe__celeba__early__afd__s7__d7eaa9c8a04c,celeba,early,7,afd,20,0.9876650893011693,0.93995897576144
semantic_probe__celeba__early__afd__s7__d7eaa9c8a04c,celeba,early,7,afd,21,0.953482308140676,0.8872556806289505
semantic_probe__celeba__early__afd__s7__d7eaa9c8a04c,celeba,early,7,afd,22,0.9574129512078559,0.6041257725445301
semantic_probe__celeba__early__afd__s7__d7eaa9c8a04c,celeba,early,7,afd,23,0.7381028348518123,0.5173858928170939
semantic_probe__celeba__early__afd__s7__d7eaa9c8a04c,celeba,early,7,afd,24,0.9622967131187986,0.825022262898946
semantic_probe__celeba__early__afd__s7__d7eaa9c8a04c,celeba,early,7,afd,25,0.708551168239395,0.5799759216026821
semantic_probe__celeba__early__afd__s7__d7eaa9c8a04c,celeba,early,7,afd,26,0.9295931263416359,0.6074581260179002
semantic_probe__celeba__early__afd__s7__d7eaa9c8a04c,celeba,early,7,afd,27,0.7468500742773378,0.6107407504499824
semantic_probe__celeba__early__afd__s7__d7eaa9c8a04c,celeba,early,7,afd,28,0.9000265688687569,0.6019854202767195
semantic_probe__celeba__early__afd__s7__d7eaa9c8a04c,celeba,early,7,afd,29,0.9421524283435889,0.7138830056649793
semantic_probe__celeba__early__afd__s7__d7eaa9c8a04c,celeba,early,7,afd,30,0.9608432039872616,0.7249143602867727
semantic_probe__celeba__early__afd__s7__d7eaa9c8a04c,celeba,early,7,afd,32,0.7180668348549165,0.5377355689699942
semantic_probe__celeba__early__afd__s7__d7eaa9c8a04c,celeba,early,7,afd,33,0.8164201467970718,0.7085882199975687
semantic_probe__celeba__early__afd__s7__d7eaa9c8a04c,celeba,early,7,afd,34,0.8419580307718212,0.6484030148042271
semantic_probe__celeba__early__afd__s7__d7eaa9c8a04c,celeba,early,7,afd,35,0.969842211486184,0.8023013242731936
semantic_probe__celeba__early__afd__s7__d7eaa9c8a04c,celeba,early,7,afd,36,0.9717122679378348,0.9073384256437975
semantic_probe__celeba__early__afd__s7__d7eaa9c8a04c,celeba,early,7,afd,37,0.769665766126439,0.5055649358751092
semantic_probe__celeba__early__afd__s7__d7eaa9c8a04c,celeba,early,7,afd,38,0.9328685071724336,0.6589766926661316
semantic_probe__celeba__early__afd__s7__d7eaa9c8a04c,celeba,early,7,afd,39,0.8585472834947251,0.7257470697943157
semantic_probe__celeba__early__afd__s42__700b2eaabead,celeba,early,42,afd,0,0.9338993438463207,0.6702693789293079
semantic_probe__celeba__early__afd__s42__700b2eaabead,celeba,early,42,afd,1,0.8382035511397683,0.6842601880101625
semantic_probe__celeba__early__afd__s42__700b2eaabead,celeba,early,42,afd,2,0.8657334371399081,0.779957574413228
semantic_probe__celeba__early__afd__s42__700b2eaabead,celeba,early,42,afd,3,0.8385071958187299,0.62692757306463
semantic_probe__celeba__early__afd__s42__700b2eaabead,celeba,early,42,afd,4,0.9781207422095858,0.6472728302260726
semantic_probe__celeba__early__afd__s42__700b2eaabead,celeba,early,42,afd,5,0.9643369948040095,0.8430697646882317
semantic_probe__celeba__early__afd__s42__700b2eaabead,celeba,early,42,afd,6,0.6970663482891668,0.5393195436951019
semantic_probe__celeba__early__afd__s42__700b2eaabead,celeba,early,42,afd,7,0.8183898643459994,0.6788949450618122
semantic_probe__celeba__early__afd__s42__700b2eaabead,celeba,early,42,afd,8,0.8896738832622912,0.7394883142041415
semantic_probe__celeba__early__afd__s42__700b2eaabead,celeba,early,42,afd,9,0.9643415881340155,0.8258607158284105
semantic_probe__celeba__early__afd__s42__700b2eaabead,celeba,early,42,afd,10,0.7668515353012718,0.4999472351203039
semantic_probe__celeba__early__afd__s42__700b2eaabead,celeba,early,42,afd,11,0.8252225062088074,0.6273468270706133
semantic_probe__celeba__early__afd__s42__700b2eaabead,celeba,early,42,afd,12,0.8762633212160963,0.6907392600616152
semantic_probe__celeba__early__afd__s42__700b2eaabead,celeba,early,42,afd,13,0.9103058623933723,0.599684946805149
semantic_probe__celeba__early__afd__s42__700b2eaabead,celeba,early,42,afd,14,0.9267529747028718,0.627520298863765
semantic_probe__celeba__early__afd__s42__700b2eaabead,celeba,early,42,afd,15,0.9748559971984458,0.8311957869331461
semantic_probe__celeba__early__afd__s42__700b2eaabead,celeba,early,42,afd,16,0.9612430108896571,0.7062107797191933
semantic_probe__celeba__early__afd__s42__700b2eaabead,celeba,early,42,afd,17,0.9631123093535154,0.7379153901577502
semantic_probe__celeba__early__afd__s42__700b2eaabead,celeba,early,42,afd,18,0.9508645239049586,0.8738705684103744
semantic_probe__celeba__early__afd__s42__700b2eaabead,celeba,early,42,afd,19,0.9338524310405356,0.8554571764368722
semantic_probe__celeba__early__afd__s42__700b2eaabead,celeba,early,42,afd,20,0.9891653442871008,0.9453135639021415
semantic_probe__celeba__early__afd__s42__700b2eaabead,celeba,early,42,afd,21,0.9540032458542606,0.8857767088347697
semantic_probe__celeba__early__afd__s42__700b2eaabead,celeba,early,42,afd,22,0.9547404331379414,0.5785875226464561
semantic_probe__celeba__early__afd__s42__700b2eaabead,celeba,early,42,afd,23,0.7381565243258521,0.509283996539765
semantic_probe__celeba__early__afd__s42__700b2eaabead,celeba,early,42,afd,24,0.9588240584798196,0.8089610029065571
semantic_probe__celeba__early__afd__s42__700b2eaabead,celeba,early,42,afd,25,0.7072106332250427,0.5967224765851542
semantic_probe__celeba__early__afd__s42__700b2eaabead,celeba,early,42,afd,26,0.9297064961326021,0.562127766073483
semantic_probe__celeba__early__afd__s42__700b2eaabead,celeba,early,42,afd,27,0.7456325114691646,0.5670734148511787
semantic_probe__celeba__early__afd__s42__700b2eaabead,celeba,early,42,afd,28,0.9018601827338416,0.614495311703047
semantic_probe__celeba__early__afd__s42__700b2eaabead,celeba,early,42,afd,29,0.9439290279691395,0.6532022283056014
semantic_probe__celeba__early__afd__s42__700b2eaabead,celeba,early,42,afd,30,0.9612302165227916,0.6943439439742909
semantic_probe__celeba__early__afd__s42__700b2eaabead,celeba,early,42,afd,32,0.7199541330910583,0.535742232541642
semantic_probe__celeba__early__afd__s42__700b2eaabead,celeba,early,42,afd,33,0.8186486760844843,0.6955135011476126
semantic_probe__celeba__early__afd__s42__700b2eaabead,celeba,early,42,afd,34,0.8415786430319486,0.616182610342868
semantic_probe__celeba__early__afd__s42__700b2eaabead,celeba,early,42,afd,35,0.9759489988810284,0.8072050598730494
semantic_probe__celeba__early__afd__s42__700b2eaabead,celeba,early,42,afd,36,0.9734436573845286,0.9102748410651047
semantic_probe__celeba__early__afd__s42__700b2eaabead,celeba,early,42,afd,37,0.773796326806501,0.5098367694937922
semantic_probe__celeba__early__afd__s42__700b2eaabead,celeba,early,42,afd,38,0.9373498751638308,0.6432201959542214
semantic_probe__celeba__early__afd__s42__700b2eaabead,celeba,early,42,afd,39,0.8609587350656462,0.7180937253113958
semantic_probe__celeba__early__afd__s123__4f782a57d8f2,celeba,early,123,afd,0,0.9321122037081859,0.6933970042362171
semantic_probe__celeba__early__afd__s123__4f782a57d8f2,celeba,early,123,afd,1,0.8399595438243713,0.7066126818627887
semantic_probe__celeba__early__afd__s123__4f782a57d8f2,celeba,early,123,afd,2,0.8691391009842524,0.7821306640129961
semantic_probe__celeba__early__afd__s123__4f782a57d8f2,celeba,early,123,afd,3,0.8361137616465762,0.6325393013339518
semantic_probe__celeba__early__afd__s123__4f782a57d8f2,celeba,early,123,afd,4,0.975962362720761,0.6530550464809606
semantic_probe__celeba__early__afd__s123__4f782a57d8f2,celeba,early,123,afd,5,0.9623592093721243,0.8241365744549434
semantic_probe__celeba__early__afd__s123__4f782a57d8f2,celeba,early,123,afd,6,0.6929847334152881,0.5414684618264456
semantic_probe__celeba__early__afd__s123__4f782a57d8f2,celeba,early,123,afd,7,0.8108952076450787,0.6576045496005971
semantic_probe__celeba__early__afd__s123__4f782a57d8f2,celeba,early,123,afd,8,0.9042317914127427,0.7437339571778738
semantic_probe__celeba__early__afd__s123__4f782a57d8f2,celeba,early,123,afd,9,0.9647497507785182,0.8382383539475204
semantic_probe__celeba__early__afd__s123__4f782a57d8f2,celeba,early,123,afd,10,0.7762558825004493,0.5023697177653603
semantic_probe__celeba__early__afd__s123__4f782a57d8f2,celeba,early,123,afd,11,0.847163714601285,0.6827582895826106
semantic_probe__celeba__early__afd__s123__4f782a57d8f2,celeba,early,123,afd,12,0.879332922600659,0.6874775672661548
semantic_probe__celeba__early__afd__s123__4f782a57d8f2,celeba,early,123,afd,13,0.9093605578119514,0.6355313725223535
semantic_probe__celeba__early__afd__s123__4f782a57d8f2,celeba,early,123,afd,14,0.9229737374708461,0.6048675586573096
semantic_probe__celeba__early__afd__s123__4f782a57d8f2,celeba,early,123,afd,15,0.9763266760414646,0.8456268737148932
semantic_probe__celeba__early__afd__s123__4f782a57d8f2,celeba,early,123,afd,16,0.9621306626891605,0.7459247056676883
semantic_probe__celeba__early__afd__s123__4f782a57d8f2,celeba,early,123,afd,17,0.9684596532061283,0.7448097586787963
semantic_probe__celeba__early__afd__s123__4f782a57d8f2,celeba,early,123,afd,18,0.9519861343500584,0.8771017529444787
semantic_probe__celeba__early__afd__s123__4f782a57d8f2,celeba,early,123,afd,19,0.9325715454893563,0.8544840095837319
semantic_probe__celeba__early__afd__s123__4f782a57d8f2,celeba,early,123,afd,20,0.9889000234480161,0.945209373427836
semantic_probe__celeba__early__afd__s123__4f782a57d8f2,celeba,early,123,afd,21,0.9523465472709941,0.886098687112678
semantic_probe__celeba__early__afd__s123__4f782a57d8f2,celeba,early,123,afd,22,0.95397524617474,0.5798270364260315
semantic_probe__celeba__early__afd__s123__4f782a57d8f2,celeba,early,123,afd,23,0.7325029315087264,0.5124231058876971
semantic_probe__celeba__early__afd__s123__4f782a57d8f2,celeba,early,123,afd,24,0.9603291885544741,0.8292284325209509
semantic_probe__celeba__early__afd__s123__4f782a57d8f2,celeba,early,123,afd,25,0.7067703987278611,0.5674570604144112
semantic_probe__celeba__early__afd__s123__4f782a57d8f2,celeba,early,123,afd,26,0.9218940973000432,0.5323458768508973
semantic_probe__celeba__early__afd__s123__4f782a57d8f2,celeba,early,123,afd,27,0.7492125001254186,0.6056221457425441
semantic_probe__celeba__early__afd__s123__4f782a57d8f2,celeba,early,123,afd,28,0.9086435813723471,0.6138132524560854
semantic_probe__celeba__early__afd__s123__4f782a57d8f2,celeba,early,123,afd,29,0.9422547085053077,0.6583824509251192
semantic_probe__celeba__early__afd__s123__4f782a57d8f2,celeba,early,123,afd,30,0.9603992344617471,0.7026301648757362
semantic_probe__celeba__early__afd__s123__4f782a57d8f2,celeba,early,123,afd,32,0.7158038292687503,0.538697425787641
semantic_probe__celeba__early__afd__s123__4f782a57d8f2,celeba,early,123,afd,33,0.8210913465366185,0.6905512426404049
semantic_probe__celeba__early__afd__s123__4f782a57d8f2,celeba,early,123,afd,34,0.8468595023927473,0.6718397768172346
semantic_probe__celeba__early__afd__s123__4f782a57d8f2,celeba,early,123,afd,35,0.9700918656134675,0.7913966650995372
semantic_probe__celeba__early__afd__s123__4f782a57d8f2,celeba,early,123,afd,36,0.9734094471783556,0.9125254532382134
semantic_probe__celeba__early__afd__s123__4f782a57d8f2,celeba,early,123,afd,37,0.7763348282204019,0.5133892994814694
semantic_probe__celeba__early__afd__s123__4f782a57d8f2,celeba,early,123,afd,38,0.9356945574556933,0.6336999050082988
semantic_probe__celeba__early__afd__s123__4f782a57d8f2,celeba,early,123,afd,39,0.8625337015142562,0.7199462304309033
semantic_probe__celeba__early__afd__s2024__6a96f9e89d6c,celeba,early,2024,afd,0,0.9365655682541839,0.6915007600718451
semantic_probe__celeba__early__afd__s2024__6a96f9e89d6c,celeba,early,2024,afd,1,0.8352646717042467,0.6714619791007538
semantic_probe__celeba__early__afd__s2024__6a96f9e89d6c,celeba,early,2024,afd,2,0.867870934164407,0.7847372592333696
semantic_probe__celeba__early__afd__s2024__6a96f9e89d6c,celeba,early,2024,afd,3,0.83530696514125,0.6055975167224477
semantic_probe__celeba__early__afd__s2024__6a96f9e89d6c,celeba,early,2024,afd,4,0.9714992032060025,0.5816931331009557
semantic_probe__celeba__early__afd__s2024__6a96f9e89d6c,celeba,early,2024,afd,5,0.9608792770483124,0.8452728059637098
semantic_probe__celeba__early__afd__s2024__6a96f9e89d6c,celeba,early,2024,afd,6,0.6937870342699385,0.5434199277075725
semantic_probe__celeba__early__afd__s2024__6a96f9e89d6c,celeba,early,2024,afd,7,0.8154796966652526,0.6685208630517103
semantic_probe__celeba__early__afd__s2024__6a96f9e89d6c,celeba,early,2024,afd,8,0.9007866278653831,0.7576864493679781
semantic_probe__celeba__early__afd__s2024__6a96f9e89d6c,celeba,early,2024,afd,9,0.9652914761473097,0.8153765743105886
semantic_probe__celeba__early__afd__s2024__6a96f9e89d6c,celeba,early,2024,afd,10,0.7769219215610881,0.5024488650849044
semantic_probe__celeba__early__afd__s2024__6a96f9e89d6c,celeba,early,2024,afd,11,0.8417222072071113,0.6744438972796166
semantic_probe__celeba__early__afd__s2024__6a96f9e89d6c,celeba,early,2024,afd,12,0.877688422946764,0.6792892855922028
semantic_probe__celeba__early__afd__s2024__6a96f9e89d6c,celeba,early,2024,afd,13,0.9089341170230723,0.6060861085400555
semantic_probe__celeba__early__afd__s2024__6a96f9e89d6c,celeba,early,2024,afd,14,0.9227308922622278,0.6114059222491692
semantic_probe__celeba__early__afd__s2024__6a96f9e89d6c,celeba,early,2024,afd,15,0.9753637560435933,0.8391802495914227
semantic_probe__celeba__early__afd__s2024__6a96f9e89d6c,celeba,early,2024,afd,16,0.9605490703038012,0.7359193436081755
semantic_probe__celeba__early__afd__s2024__6a96f9e89d6c,celeba,early,2024,afd,17,0.9678843699334229,0.6815144423681851
semantic_probe__celeba__early__afd__s2024__6a96f9e89d6c,celeba,early,2024,afd,18,0.9500942973837844,0.8642935613172316
semantic_probe__celeba__early__afd__s2024__6a96f9e89d6c,celeba,early,2024,afd,19,0.9329418341753194,0.8529443657218508
semantic_probe__celeba__early__afd__s2024__6a96f9e89d6c,celeba,early,2024,afd,20,0.9877542563229605,0.9433031306726565
semantic_probe__celeba__early__afd__s2024__6a96f9e89d6c,celeba,early,2024,afd,21,0.9548789494692826,0.8882767902265817
semantic_probe__celeba__early__afd__s2024__6a96f9e89d6c,celeba,early,2024,afd,22,0.9545876792478812,0.5916413989367304
semantic_probe__celeba__early__afd__s2024__6a96f9e89d6c,celeba,early,2024,afd,23,0.7327823725323066,0.5093936158536373
semantic_probe__celeba__early__afd__s2024__6a96f9e89d6c,celeba,early,2024,afd,24,0.9605848902060943,0.8213884085386753
semantic_probe__celeba__early__afd__s2024__6a96f9e89d6c,celeba,early,2024,afd,25,0.7058234932281948,0.582967643306796
semantic_probe__celeba__early__afd__s2024__6a96f9e89d6c,celeba,early,2024,afd,26,0.9337061275718321,0.5939706695354641
semantic_probe__celeba__early__afd__s2024__6a96f9e89d6c,celeba,early,2024,afd,27,0.7510972285532671,0.5938247654868397
semantic_probe__celeba__early__afd__s2024__6a96f9e89d6c,celeba,early,2024,afd,28,0.9037820148082504,0.590781190662752
semantic_probe__celeba__early__afd__s2024__6a96f9e89d6c,celeba,early,2024,afd,29,0.9445841636844376,0.6182671464362486
semantic_probe__celeba__early__afd__s2024__6a96f9e89d6c,celeba,early,2024,afd,30,0.9587989359254285,0.7415918661787578
semantic_probe__celeba__early__afd__s2024__6a96f9e89d6c,celeba,early,2024,afd,32,0.7171143296751985,0.5402487384368057
semantic_probe__celeba__early__afd__s2024__6a96f9e89d6c,celeba,early,2024,afd,33,0.8181807100819347,0.6931789825251466
semantic_probe__celeba__early__afd__s2024__6a96f9e89d6c,celeba,early,2024,afd,34,0.8418920479659255,0.6462657413307158
semantic_probe__celeba__early__afd__s2024__6a96f9e89d6c,celeba,early,2024,afd,35,0.969205127561074,0.7812132635868283
semantic_probe__celeba__early__afd__s2024__6a96f9e89d6c,celeba,early,2024,afd,36,0.9720419440963693,0.9045876595524188
semantic_probe__celeba__early__afd__s2024__6a96f9e89d6c,celeba,early,2024,afd,37,0.7714673179842351,0.5065384379223425
semantic_probe__celeba__early__afd__s2024__6a96f9e89d6c,celeba,early,2024,afd,38,0.9385462338191327,0.6474643638646163
semantic_probe__celeba__early__afd__s2024__6a96f9e89d6c,celeba,early,2024,afd,39,0.8607451220012831,0.6922302628734489
semantic_probe__celeba__early__afd__s2025__277a0f5636e2,celeba,early,2025,afd,0,0.9343208833981909,0.7015908031306743
semantic_probe__celeba__early__afd__s2025__277a0f5636e2,celeba,early,2025,afd,1,0.8324037040485718,0.6933140448146486
semantic_probe__celeba__early__afd__s2025__277a0f5636e2,celeba,early,2025,afd,2,0.8629293887075837,0.7767615709650197
semantic_probe__celeba__early__afd__s2025__277a0f5636e2,celeba,early,2025,afd,3,0.8371278836529391,0.6449242606093275
semantic_probe__celeba__early__afd__s2025__277a0f5636e2,celeba,early,2025,afd,4,0.9735731301535862,0.6524408901781815
semantic_probe__celeba__early__afd__s2025__277a0f5636e2,celeba,early,2025,afd,5,0.9590928898987798,0.854280358203837
semantic_probe__celeba__early__afd__s2025__277a0f5636e2,celeba,early,2025,afd,6,0.6990790875398097,0.5445941049488129
semantic_probe__celeba__early__afd__s2025__277a0f5636e2,celeba,early,2025,afd,7,0.8093453054077733,0.6768317586349035
semantic_probe__celeba__early__afd__s2025__277a0f5636e2,celeba,early,2025,afd,8,0.8893508006760373,0.7014723118458245
semantic_probe__celeba__early__afd__s2025__277a0f5636e2,celeba,early,2025,afd,9,0.9628029985668135,0.8394401142725036
semantic_probe__celeba__early__afd__s2025__277a0f5636e2,celeba,early,2025,afd,10,0.7724481650360054,0.5032015221361731
semantic_probe__celeba__early__afd__s2025__277a0f5636e2,celeba,early,2025,afd,11,0.8335838364577769,0.6424794284704947
semantic_probe__celeba__early__afd__s2025__277a0f5636e2,celeba,early,2025,afd,12,0.8676557276822785,0.6592491763982002
semantic_probe__celeba__early__afd__s2025__277a0f5636e2,celeba,early,2025,afd,13,0.904322916625001,0.6052397268219006
semantic_probe__celeba__early__afd__s2025__277a0f5636e2,celeba,early,2025,afd,14,0.9222698399820558,0.5901073883534462
semantic_probe__celeba__early__afd__s2025__277a0f5636e2,celeba,early,2025,afd,15,0.9744063201653113,0.8276909567324984
semantic_probe__celeba__early__afd__s2025__277a0f5636e2,celeba,early,2025,afd,16,0.9595541199351274,0.7627070912591545
semantic_probe__celeba__early__afd__s2025__277a0f5636e2,celeba,early,2025,afd,17,0.9660751280414107,0.6879172451229061
semantic_probe__celeba__early__afd__s2025__277a0f5636e2,celeba,early,2025,afd,18,0.948457652595216,0.871830905563981
semantic_probe__celeba__early__afd__s2025__277a0f5636e2,celeba,early,2025,afd,19,0.9321711679264694,0.8543080296080581
semantic_probe__celeba__early__afd__s2025__277a0f5636e2,celeba,early,2025,afd,20,0.986664889323617,0.9384293141796574
semantic_probe__celeba__early__afd__s2025__277a0f5636e2,celeba,early,2025,afd,21,0.9512032570940104,0.8816177654387267
semantic_probe__celeba__early__afd__s2025__277a0f5636e2,celeba,early,2025,afd,22,0.954349402079559,0.5932196307986403
semantic_probe__celeba__early__afd__s2025__277a0f5636e2,celeba,early,2025,afd,23,0.741995797549603,0.511677123557482
semantic_probe__celeba__early__afd__s2025__277a0f5636e2,celeba,early,2025,afd,24,0.9595879189487642,0.8303388502920067
semantic_probe__celeba__early__afd__s2025__277a0f5636e2,celeba,early,2025,afd,25,0.7077759973396955,0.5896861546720663
semantic_probe__celeba__early__afd__s2025__277a0f5636e2,celeba,early,2025,afd,26,0.9235226440748874,0.5766687958521972
semantic_probe__celeba__early__afd__s2025__277a0f5636e2,celeba,early,2025,afd,27,0.7466809866048971,0.6024146135227446
semantic_probe__celeba__early__afd__s2025__277a0f5636e2,celeba,early,2025,afd,28,0.9016343699694617,0.6273588191970062
semantic_probe__celeba__early__afd__s2025__277a0f5636e2,celeba,early,2025,afd,29,0.9401534428542571,0.7085327809048892
semantic_probe__celeba__early__afd__s2025__277a0f5636e2,celeba,early,2025,afd,30,0.9585660022592182,0.7073584459954698
semantic_probe__celeba__early__afd__s2025__277a0f5636e2,celeba,early,2025,afd,32,0.701485329126206,0.5311519704718249
semantic_probe__celeba__early__afd__s2025__277a0f5636e2,celeba,early,2025,afd,33,0.8078476224997646,0.6787532519393484
semantic_probe__celeba__early__afd__s2025__277a0f5636e2,celeba,early,2025,afd,34,0.8433536042371049,0.6387410149993973
semantic_probe__celeba__early__afd__s2025__277a0f5636e2,celeba,early,2025,afd,35,0.9665869846898538,0.786367619395349
semantic_probe__celeba__early__afd__s2025__277a0f5636e2,celeba,early,2025,afd,36,0.9703415213481342,0.9060979674903373
semantic_probe__celeba__early__afd__s2025__277a0f5636e2,celeba,early,2025,afd,37,0.7689552432428507,0.5076935600204296
semantic_probe__celeba__early__afd__s2025__277a0f5636e2,celeba,early,2025,afd,38,0.9345559200538691,0.6363239116511332
semantic_probe__celeba__early__afd__s2025__277a0f5636e2,celeba,early,2025,afd,39,0.8633110650038802,0.7078756729384729
semantic_probe__celeba__early__laplace__s7__48630ceab398,celeba,early,7,laplace,0,0.9380382353650445,0.7073006084147366
semantic_probe__celeba__early__laplace__s7__48630ceab398,celeba,early,7,laplace,1,0.8365853497347473,0.6712213390932731
semantic_probe__celeba__early__laplace__s7__48630ceab398,celeba,early,7,laplace,2,0.8663474906285769,0.7825080226096326
semantic_probe__celeba__early__laplace__s7__48630ceab398,celeba,early,7,laplace,3,0.8391599096456254,0.6134342140894207
semantic_probe__celeba__early__laplace__s7__48630ceab398,celeba,early,7,laplace,4,0.9758976319047666,0.6310058551745391
semantic_probe__celeba__early__laplace__s7__48630ceab398,celeba,early,7,laplace,5,0.9642108973366407,0.8114081926557072
semantic_probe__celeba__early__laplace__s7__48630ceab398,celeba,early,7,laplace,6,0.6908054551189986,0.5426739741787737
semantic_probe__celeba__early__laplace__s7__48630ceab398,celeba,early,7,laplace,7,0.8115195339116976,0.6445178682805422
semantic_probe__celeba__early__laplace__s7__48630ceab398,celeba,early,7,laplace,8,0.8961237193014145,0.721675435093767
semantic_probe__celeba__early__laplace__s7__48630ceab398,celeba,early,7,laplace,9,0.9597883420839696,0.8144237095455087
semantic_probe__celeba__early__laplace__s7__48630ceab398,celeba,early,7,laplace,10,0.7568463476254759,0.5
semantic_probe__celeba__early__laplace__s7__48630ceab398,celeba,early,7,laplace,11,0.840980929863353,0.6208380219494911
semantic_probe__celeba__early__laplace__s7__48630ceab398,celeba,early,7,laplace,12,0.8795108488973777,0.6467128166754261
semantic_probe__celeba__early__laplace__s7__48630ceab398,celeba,early,7,laplace,13,0.9100418430961892,0.5872653650681146
semantic_probe__celeba__early__laplace__s7__48630ceab398,celeba,early,7,laplace,14,0.928579876754116,0.5898782853029574
semantic_probe__celeba__early__laplace__s7__48630ceab398,celeba,early,7,laplace,15,0.9726581947267116,0.826862335345022
semantic_probe__celeba__early__laplace__s7__48630ceab398,celeba,early,7,laplace,16,0.9636574008327401,0.7127777964259249
semantic_probe__celeba__early__laplace__s7__48630ceab398,celeba,early,7,laplace,17,0.9628355290262994,0.7212665897344276
semantic_probe__celeba__early__laplace__s7__48630ceab398,celeba,early,7,laplace,18,0.9504663641213295,0.8741426213510455
semantic_probe__celeba__early__laplace__s7__48630ceab398,celeba,early,7,laplace,19,0.9356416462301528,0.8587934081929716
semantic_probe__celeba__early__laplace__s7__48630ceab398,celeba,early,7,laplace,20,0.9884110812435396,0.9435406271674929
semantic_probe__celeba__early__laplace__s7__48630ceab398,celeba,early,7,laplace,21,0.9519692034867279,0.8856245164365131
semantic_probe__celeba__early__laplace__s7__48630ceab398,celeba,early,7,laplace,22,0.9589994518950121,0.5471681467301353
semantic_probe__celeba__early__laplace__s7__48630ceab398,celeba,early,7,laplace,23,0.724949637370031,0.5063052815215898
semantic_probe__celeba__early__laplace__s7__48630ceab398,celeba,early,7,laplace,24,0.9628749447960264,0.8046032565276797
semantic_probe__celeba__early__laplace__s7__48630ceab398,celeba,early,7,laplace,25,0.704784986702033,0.5924561863450148
semantic_probe__celeba__early__laplace__s7__48630ceab398,celeba,early,7,laplace,26,0.9189060468869067,0.5362510645927653
semantic_probe__celeba__early__laplace__s7__48630ceab398,celeba,early,7,laplace,27,0.750444387708227,0.5825003733048566
semantic_probe__celeba__early__laplace__s7__48630ceab398,celeba,early,7,laplace,28,0.9142898699127177,0.5991373939474941
semantic_probe__celeba__early__laplace__s7__48630ceab398,celeba,early,7,laplace,29,0.9410587391124765,0.6139153026799362
semantic_probe__celeba__early__laplace__s7__48630ceab398,celeba,early,7,laplace,30,0.961906949524307,0.6921957464247576
semantic_probe__celeba__early__laplace__s7__48630ceab398,celeba,early,7,laplace,32,0.7265095177883891,0.5268807989991023
semantic_probe__celeba__early__laplace__s7__48630ceab398,celeba,early,7,laplace,33,0.8244454894996254,0.6962899613693914
semantic_probe__celeba__early__laplace__s7__48630ceab398,celeba,early,7,laplace,34,0.8394679126939025,0.620613890371799
semantic_probe__celeba__early__laplace__s7__48630ceab398,celeba,early,7,laplace,35,0.971711952926033,0.7739420053244173
semantic_probe__celeba__early__laplace__s7__48630ceab398,celeba,early,7,laplace,36,0.9728752137999596,0.9098784089919809
semantic_probe__celeba__early__laplace__s7__48630ceab398,celeba,early,7,laplace,37,0.7721839304005875,0.504344411984057
semantic_probe__celeba__early__laplace__s7__48630ceab398,celeba,early,7,laplace,38,0.9329163130004473,0.6189927106027704
semantic_probe__celeba__early__laplace__s7__48630ceab398,celeba,early,7,laplace,39,0.8656226771694636,0.6881321183428386
semantic_probe__celeba__early__laplace__s42__63ea8632f2fb,celeba,early,42,laplace,0,0.9359681057866386,0.6821944852813114
semantic_probe__celeba__early__laplace__s42__63ea8632f2fb,celeba,early,42,laplace,1,0.8339837879876336,0.6741388695421189
semantic_probe__celeba__early__laplace__s42__63ea8632f2fb,celeba,early,42,laplace,2,0.8690442092009403,0.7790001737917538
semantic_probe__celeba__early__laplace__s42__63ea8632f2fb,celeba,early,42,laplace,3,0.838176765705099,0.6058912220245117
semantic_probe__celeba__early__laplace__s42__63ea8632f2fb,celeba,early,42,laplace,4,0.9793675666185965,0.6312105739421321
semantic_probe__celeba__early__laplace__s42__63ea8632f2fb,celeba,early,42,laplace,5,0.9665747811134432,0.8494480692668447
semantic_probe__celeba__early__laplace__s42__63ea8632f2fb,celeba,early,42,laplace,6,0.6975137744495967,0.5405650117349307
semantic_probe__celeba__early__laplace__s42__63ea8632f2fb,celeba,early,42,laplace,7,0.8160996290185155,0.6673453522761823
semantic_probe__celeba__early__laplace__s42__63ea8632f2fb,celeba,early,42,laplace,8,0.8954166427773749,0.7411828345164664
semantic_probe__celeba__early__laplace__s42__63ea8632f2fb,celeba,early,42,laplace,9,0.9644446119923551,0.8237204095662807
semantic_probe__celeba__early__laplace__s42__63ea8632f2fb,celeba,early,42,laplace,10,0.7637444675240002,0.5
semantic_probe__celeba__early__laplace__s42__63ea8632f2fb,celeba,early,42,laplace,11,0.8367235543108386,0.5988101562682886
semantic_probe__celeba__early__laplace__s42__63ea8632f2fb,celeba,early,42,laplace,12,0.8730078040988521,0.6379222561561831
semantic_probe__celeba__early__laplace__s42__63ea8632f2fb,celeba,early,42,laplace,13,0.9058701832040429,0.5932503357927469
semantic_probe__celeba__early__laplace__s42__63ea8632f2fb,celeba,early,42,laplace,14,0.9264953236125868,0.611563410831247
semantic_probe__celeba__early__laplace__s42__63ea8632f2fb,celeba,early,42,laplace,15,0.9724940242831,0.831758096149662
semantic_probe__celeba__early__laplace__s42__63ea8632f2fb,celeba,early,42,laplace,16,0.961846292791401,0.71745475170566
semantic_probe__celeba__early__laplace__s42__63ea8632f2fb,celeba,early,42,laplace,17,0.9685898261995278,0.7245664751171068
semantic_probe__celeba__early__laplace__s42__63ea8632f2fb,celeba,early,42,laplace,18,0.9525020330810043,0.880025132222124
semantic_probe__celeba__early__laplace__s42__63ea8632f2fb,celeba,early,42,laplace,19,0.9329816025539894,0.8566354220793475
semantic_probe__celeba__early__laplace__s42__63ea8632f2fb,celeba,early,42,laplace,20,0.9885406882879143,0.9462699741405053
semantic_probe__celeba__early__laplace__s42__63ea8632f2fb,celeba,early,42,laplace,21,0.9506778570109653,0.8836342896179376
semantic_probe__celeba__early__laplace__s42__63ea8632f2fb,celeba,early,42,laplace,22,0.9576397195214477,0.5821645826977025
semantic_probe__celeba__early__laplace__s42__63ea8632f2fb,celeba,early,42,laplace,23,0.7338632796354002,0.5044816039401254
semantic_probe__celeba__early__laplace__s42__63ea8632f2fb,celeba,early,42,laplace,24,0.9597379186644949,0.8185811949475781
semantic_probe__celeba__early__laplace__s42__63ea8632f2fb,celeba,early,42,laplace,25,0.7067664878623788,0.5763922009219253
semantic_probe__celeba__early__laplace__s42__63ea8632f2fb,celeba,early,42,laplace,26,0.9396886408574516,0.6023624620855559
semantic_probe__celeba__early__laplace__s42__63ea8632f2fb,celeba,early,42,laplace,27,0.7440854050687224,0.5820970048654558
semantic_probe__celeba__early__laplace__s42__63ea8632f2fb,celeba,early,42,laplace,28,0.9095962734043231,0.6118899016066442
semantic_probe__celeba__early__laplace__s42__63ea8632f2fb,celeba,early,42,laplace,29,0.9453540536710814,0.6431607208000314
semantic_probe__celeba__early__laplace__s42__63ea8632f2fb,celeba,early,42,laplace,30,0.9561752836616946,0.6975195230861884
semantic_probe__celeba__early__laplace__s42__63ea8632f2fb,celeba,early,42,laplace,32,0.7122667462413376,0.536836843274417
semantic_probe__celeba__early__laplace__s42__63ea8632f2fb,celeba,early,42,laplace,33,0.8184292343690526,0.700584914144899
semantic_probe__celeba__early__laplace__s42__63ea8632f2fb,celeba,early,42,laplace,34,0.8409573208883684,0.6048433645031486
semantic_probe__celeba__early__laplace__s42__63ea8632f2fb,celeba,early,42,laplace,35,0.9762326528401516,0.8260607869624139
semantic_probe__celeba__early__laplace__s42__63ea8632f2fb,celeba,early,42,laplace,36,0.9739897333376031,0.9121873841891741
semantic_probe__celeba__early__laplace__s42__63ea8632f2fb,celeba,early,42,laplace,37,0.7731563348543937,0.5041918464976753
semantic_probe__celeba__early__laplace__s42__63ea8632f2fb,celeba,early,42,laplace,38,0.9346732878861572,0.6347990347342938
semantic_probe__celeba__early__laplace__s42__63ea8632f2fb,celeba,early,42,laplace,39,0.8554947061300018,0.6929775128167839
semantic_probe__celeba__early__laplace__s123__737dc3c00439,celeba,early,123,laplace,0,0.9375415315403022,0.6962659740128667
semantic_probe__celeba__early__laplace__s123__737dc3c00439,celeba,early,123,laplace,1,0.8348441959213339,0.6828923363019131
semantic_probe__celeba__early__laplace__s123__737dc3c00439,celeba,early,123,laplace,2,0.8638316712823744,0.7797379153695194
semantic_probe__celeba__early__laplace__s123__737dc3c00439,celeba,early,123,laplace,3,0.8405771580991102,0.6289326514793638
semantic_probe__celeba__early__laplace__s123__737dc3c00439,celeba,early,123,laplace,4,0.975461455097927,0.6402318113364106
semantic_probe__celeba__early__laplace__s123__737dc3c00439,celeba,early,123,laplace,5,0.9666951529503879,0.8327273294283644
semantic_probe__celeba__early__laplace__s123__737dc3c00439,celeba,early,123,laplace,6,0.6949848154704044,0.5398707816646087
semantic_probe__celeba__early__laplace__s123__737dc3c00439,celeba,early,123,laplace,7,0.817503533156996,0.6732784422142559
semantic_probe__celeba__early__laplace__s123__737dc3c00439,celeba,early,123,laplace,8,0.906534055305782,0.734152913622579
semantic_probe__celeba__early__laplace__s123__737dc3c00439,celeba,early,123,laplace,9,0.967054028262194,0.8235753961252686
semantic_probe__celeba__early__laplace__s123__737dc3c00439,celeba,early,123,laplace,10,0.7529153379668907,0.5
semantic_probe__celeba__early__laplace__s123__737dc3c00439,celeba,early,123,laplace,11,0.8496823091017819,0.6478587179743646
semantic_probe__celeba__early__laplace__s123__737dc3c00439,celeba,early,123,laplace,12,0.8778881588458322,0.6383241092068213
semantic_probe__celeba__early__laplace__s123__737dc3c00439,celeba,early,123,laplace,13,0.908609624032121,0.5773215298549551
semantic_probe__celeba__early__laplace__s123__737dc3c00439,celeba,early,123,laplace,14,0.9268103007767424,0.6081725476874449
semantic_probe__celeba__early__laplace__s123__737dc3c00439,celeba,early,123,laplace,15,0.9727788245844937,0.8065447524723928
semantic_probe__celeba__early__laplace__s123__737dc3c00439,celeba,early,123,laplace,16,0.9647556906255191,0.6970191941074151
semantic_probe__celeba__early__laplace__s123__737dc3c00439,celeba,early,123,laplace,17,0.9686229389547238,0.7370157320571173
semantic_probe__celeba__early__laplace__s123__737dc3c00439,celeba,early,123,laplace,18,0.950796107115396,0.8746707308569
semantic_probe__celeba__early__laplace__s123__737dc3c00439,celeba,early,123,laplace,19,0.9342756001612726,0.856414813871323
semantic_probe__celeba__early__laplace__s123__737dc3c00439,celeba,early,123,laplace,20,0.9883109495885642,0.9417950385140679
semantic_probe__celeba__early__laplace__s123__737dc3c00439,celeba,early,123,laplace,21,0.9547251809360309,0.8880769573912585
semantic_probe__celeba__early__laplace__s123__737dc3c00439,celeba,early,123,laplace,22,0.9584205666271562,0.5425041917881452
semantic_probe__celeba__early__laplace__s123__737dc3c00439,celeba,early,123,laplace,23,0.7349021154445821,0.5034414001199726
semantic_probe__celeba__early__laplace__s123__737dc3c00439,celeba,early,123,laplace,24,0.9611409026794652,0.8102031789493093
semantic_probe__celeba__early__laplace__s123__737dc3c00439,celeba,early,123,laplace,25,0.7106076507544337,0.5886604834979494
semantic_probe__celeba__early__laplace__s123__737dc3c00439,celeba,early,123,laplace,26,0.9395063526927349,0.5362772124852452
semantic_probe__celeba__early__laplace__s123__737dc3c00439,celeba,early,123,laplace,27,0.7459307803281423,0.594823749448404
semantic_probe__celeba__early__laplace__s123__737dc3c00439,celeba,early,123,laplace,28,0.9093706706832987,0.6293331944246608
semantic_probe__celeba__early__laplace__s123__737dc3c00439,celeba,early,123,laplace,29,0.9456100932505647,0.6272055808638868
semantic_probe__celeba__early__laplace__s123__737dc3c00439,celeba,early,123,laplace,30,0.9607980468517762,0.6770885855922869
semantic_probe__celeba__early__laplace__s123__737dc3c00439,celeba,early,123,laplace,32,0.721351862489158,0.5329757214531416
semantic_probe__celeba__early__laplace__s123__737dc3c00439,celeba,early,123,laplace,33,0.8238904058568809,0.7065546404126452
semantic_probe__celeba__early__laplace__s123__737dc3c00439,celeba,early,123,laplace,34,0.8425324661657301,0.6295948612857118
semantic_probe__celeba__early__laplace__s123__737dc3c00439,celeba,early,123,laplace,35,0.9760581349132025,0.7911198983657456
semantic_probe__celeba__early__laplace__s123__737dc3c00439,celeba,early,123,laplace,36,0.9725929934279394,0.9117906001074612
semantic_probe__celeba__early__laplace__s123__737dc3c00439,celeba,early,123,laplace,37,0.7729821974356545,0.5005448601525608
semantic_probe__celeba__early__laplace__s123__737dc3c00439,celeba,early,123,laplace,38,0.9283475159856874,0.5859412089587545
semantic_probe__celeba__early__laplace__s123__737dc3c00439,celeba,early,123,laplace,39,0.8531437614285446,0.7097669919830412
semantic_probe__celeba__early__laplace__s2024__8f3b8977f5f4,celeba,early,2024,laplace,0,0.9358216010453444,0.664974833226304
semantic_probe__celeba__early__laplace__s2024__8f3b8977f5f4,celeba,early,2024,laplace,1,0.8346664931951044,0.6710370461080902
semantic_probe__celeba__early__laplace__s2024__8f3b8977f5f4,celeba,early,2024,laplace,2,0.8662883670995826,0.7808357186867254
semantic_probe__celeba__early__laplace__s2024__8f3b8977f5f4,celeba,early,2024,laplace,3,0.8368810143285786,0.6067899431639081
semantic_probe__celeba__early__laplace__s2024__8f3b8977f5f4,celeba,early,2024,laplace,4,0.9750996884814357,0.6323414273471606
semantic_probe__celeba__early__laplace__s2024__8f3b8977f5f4,celeba,early,2024,laplace,5,0.962545826753073,0.8321292587024381
semantic_probe__celeba__early__laplace__s2024__8f3b8977f5f4,celeba,early,2024,laplace,6,0.6923281556509383,0.5384803374230442
semantic_probe__celeba__early__laplace__s2024__8f3b8977f5f4,celeba,early,2024,laplace,7,0.8154791483649535,0.651161705625531
semantic_probe__celeba__early__laplace__s2024__8f3b8977f5f4,celeba,early,2024,laplace,8,0.9102470854641315,0.7487950537242687
semantic_probe__celeba__early__laplace__s2024__8f3b8977f5f4,celeba,early,2024,laplace,9,0.9675918425702447,0.8223023023980017
semantic_probe__celeba__early__laplace__s2024__8f3b8977f5f4,celeba,early,2024,laplace,10,0.7648280805286101,0.5008845692505088
semantic_probe__celeba__early__laplace__s2024__8f3b8977f5f4,celeba,early,2024,laplace,11,0.8573443627007621,0.6418331336441816
semantic_probe__celeba__early__laplace__s2024__8f3b8977f5f4,celeba,early,2024,laplace,12,0.8773891529186055,0.6214154360709814
semantic_probe__celeba__early__laplace__s2024__8f3b8977f5f4,celeba,early,2024,laplace,13,0.9125883380918972,0.5636498751626965
semantic_probe__celeba__early__laplace__s2024__8f3b8977f5f4,celeba,early,2024,laplace,14,0.9287330529434754,0.5786402186279611
semantic_probe__celeba__early__laplace__s2024__8f3b8977f5f4,celeba,early,2024,laplace,15,0.9747910810101266,0.8156002803049852
semantic_probe__celeba__early__laplace__s2024__8f3b8977f5f4,celeba,early,2024,laplace,16,0.9663460046058053,0.7505470075318431
semantic_probe__celeba__early__laplace__s2024__8f3b8977f5f4,celeba,early,2024,laplace,17,0.9663238398169248,0.6992440040692078
semantic_probe__celeba__early__laplace__s2024__8f3b8977f5f4,celeba,early,2024,laplace,18,0.94913728506016,0.8706549740937866
semantic_probe__celeba__early__laplace__s2024__8f3b8977f5f4,celeba,early,2024,laplace,19,0.9343336520432411,0.8545642197851187
semantic_probe__celeba__early__laplace__s2024__8f3b8977f5f4,celeba,early,2024,laplace,20,0.9878577059436725,0.9446175107837855
semantic_probe__celeba__early__laplace__s2024__8f3b8977f5f4,celeba,early,2024,laplace,21,0.9504734614154171,0.8821896012696702
semantic_probe__celeba__early__laplace__s2024__8f3b8977f5f4,celeba,early,2024,laplace,22,0.958862290646845,0.5537751068534724
semantic_probe__celeba__early__laplace__s2024__8f3b8977f5f4,celeba,early,2024,laplace,23,0.7317702030239307,0.5092626436728739
semantic_probe__celeba__early__laplace__s2024__8f3b8977f5f4,celeba,early,2024,laplace,24,0.9612850864281828,0.8174170774189184
semantic_probe__celeba__early__laplace__s2024__8f3b8977f5f4,celeba,early,2024,laplace,25,0.7065142521037414,0.5643517187277585
semantic_probe__celeba__early__laplace__s2024__8f3b8977f5f4,celeba,early,2024,laplace,26,0.9437261867407772,0.5821566781717393
semantic_probe__celeba__early__laplace__s2024__8f3b8977f5f4,celeba,early,2024,laplace,27,0.7515274882219614,0.5577998754470068
semantic_probe__celeba__early__laplace__s2024__8f3b8977f5f4,celeba,early,2024,laplace,28,0.904350004355976,0.5774072778148459
semantic_probe__celeba__early__laplace__s2024__8f3b8977f5f4,celeba,early,2024,laplace,29,0.9443438015357852,0.6233426769816122
semantic_probe__celeba__early__laplace__s2024__8f3b8977f5f4,celeba,early,2024,laplace,30,0.9626120475606751,0.6911683648623933
semantic_probe__celeba__early__laplace__s2024__8f3b8977f5f4,celeba,early,2024,laplace,32,0.7244377819488571,0.5280759171414615
semantic_probe__celeba__early__laplace__s2024__8f3b8977f5f4,celeba,early,2024,laplace,33,0.8193978802024593,0.6806268827997835
semantic_probe__celeba__early__laplace__s2024__8f3b8977f5f4,celeba,early,2024,laplace,34,0.8410046285931869,0.6593515530374784
semantic_probe__celeba__early__laplace__s2024__8f3b8977f5f4,celeba,early,2024,laplace,35,0.9720291392582626,0.7637324572865816
semantic_probe__celeba__early__laplace__s2024__8f3b8977f5f4,celeba,early,2024,laplace,36,0.9713727506248857,0.9089347041365796
semantic_probe__celeba__early__laplace__s2024__8f3b8977f5f4,celeba,early,2024,laplace,37,0.7767156403707275,0.5064658595569687
semantic_probe__celeba__early__laplace__s2024__8f3b8977f5f4,celeba,early,2024,laplace,38,0.9346114079299607,0.6252103947390563
semantic_probe__celeba__early__laplace__s2024__8f3b8977f5f4,celeba,early,2024,laplace,39,0.8659203665999788,0.7054704378734816
semantic_probe__celeba__early__laplace__s2025__255d695fae34,celeba,early,2025,laplace,0,0.9366528458929773,0.7058254572265327
semantic_probe__celeba__early__laplace__s2025__255d695fae34,celeba,early,2025,laplace,1,0.834362120636583,0.6915139608933417
semantic_probe__celeba__early__laplace__s2025__255d695fae34,celeba,early,2025,laplace,2,0.8629140544363317,0.7743716231475196
semantic_probe__celeba__early__laplace__s2025__255d695fae34,celeba,early,2025,laplace,3,0.8381567142220231,0.6151496720510827
semantic_probe__celeba__early__laplace__s2025__255d695fae34,celeba,early,2025,laplace,4,0.9752495977917475,0.6064134687526203
semantic_probe__celeba__early__laplace__s2025__255d695fae34,celeba,early,2025,laplace,5,0.9653098175838958,0.8276622077301851
semantic_probe__celeba__early__laplace__s2025__255d695fae34,celeba,early,2025,laplace,6,0.6964640425267173,0.5354123016446418
semantic_probe__celeba__early__laplace__s2025__255d695fae34,celeba,early,2025,laplace,7,0.8173311415341833,0.6529291253513628
semantic_probe__celeba__early__laplace__s2025__255d695fae34,celeba,early,2025,laplace,8,0.8900871532099344,0.686330285144277
semantic_probe__celeba__early__laplace__s2025__255d695fae34,celeba,early,2025,laplace,9,0.9646446192930018,0.8207704268184042
semantic_probe__celeba__early__laplace__s2025__255d695fae34,celeba,early,2025,laplace,10,0.7610256134309082,0.5019274331401059
semantic_probe__celeba__early__laplace__s2025__255d695fae34,celeba,early,2025,laplace,11,0.8343227388129739,0.621524325543683
semantic_probe__celeba__early__laplace__s2025__255d695fae34,celeba,early,2025,laplace,12,0.8791104646566936,0.650371288450774
semantic_probe__celeba__early__laplace__s2025__255d695fae34,celeba,early,2025,laplace,13,0.9101351910798727,0.5606855891912735
semantic_probe__celeba__early__laplace__s2025__255d695fae34,celeba,early,2025,laplace,14,0.9242842161194136,0.5745442217761227
semantic_probe__celeba__early__laplace__s2025__255d695fae34,celeba,early,2025,laplace,15,0.9747967105419776,0.80883233662922
semantic_probe__celeba__early__laplace__s2025__255d695fae34,celeba,early,2025,laplace,16,0.965447680328299,0.7028367274395434
semantic_probe__celeba__early__laplace__s2025__255d695fae34,celeba,early,2025,laplace,17,0.9657976968492278,0.6988200469013295
semantic_probe__celeba__early__laplace__s2025__255d695fae34,celeba,early,2025,laplace,18,0.9498902498675508,0.8757862176895086
semantic_probe__celeba__early__laplace__s2025__255d695fae34,celeba,early,2025,laplace,19,0.9333774971908337,0.8587805624990652
semantic_probe__celeba__early__laplace__s2025__255d695fae34,celeba,early,2025,laplace,20,0.9881686316132494,0.9445124365769791
semantic_probe__celeba__early__laplace__s2025__255d695fae34,celeba,early,2025,laplace,21,0.9507416653805772,0.882909126973104
semantic_probe__celeba__early__laplace__s2025__255d695fae34,celeba,early,2025,laplace,22,0.9575616213107538,0.557713227690372
semantic_probe__celeba__early__laplace__s2025__255d695fae34,celeba,early,2025,laplace,23,0.7428066513565753,0.5067409037976619
semantic_probe__celeba__early__laplace__s2025__255d695fae34,celeba,early,2025,laplace,24,0.9625170468604818,0.8132109077969135
semantic_probe__celeba__early__laplace__s2025__255d695fae34,celeba,early,2025,laplace,25,0.7045029885942169,0.6012249192249602
semantic_probe__celeba__early__laplace__s2025__255d695fae34,celeba,early,2025,laplace,26,0.9214451940173621,0.5391226634990363
semantic_probe__celeba__early__laplace__s2025__255d695fae34,celeba,early,2025,laplace,27,0.7486622504882474,0.5863219772586026
semantic_probe__celeba__early__laplace__s2025__255d695fae34,celeba,early,2025,laplace,28,0.912862964612671,0.6092060968670838
semantic_probe__celeba__early__laplace__s2025__255d695fae34,celeba,early,2025,laplace,29,0.9403578901192992,0.6342460286354303
semantic_probe__celeba__early__laplace__s2025__255d695fae34,celeba,early,2025,laplace,30,0.960074851923172,0.644504308535334
semantic_probe__celeba__early__laplace__s2025__255d695fae34,celeba,early,2025,laplace,32,0.70592143292515,0.5479006480775878
semantic_probe__celeba__early__laplace__s2025__255d695fae34,celeba,early,2025,laplace,33,0.8096967667670429,0.6851173164168082
semantic_probe__celeba__early__laplace__s2025__255d695fae34,celeba,early,2025,laplace,34,0.8364267107521512,0.6429507195462869
semantic_probe__celeba__early__laplace__s2025__255d695fae34,celeba,early,2025,laplace,35,0.9773151002820522,0.8145394562283172
semantic_probe__celeba__early__laplace__s2025__255d695fae34,celeba,early,2025,laplace,36,0.9719963237832128,0.911949697932378
semantic_probe__celeba__early__laplace__s2025__255d695fae34,celeba,early,2025,laplace,37,0.7720726407593388,0.502586320604465
semantic_probe__celeba__early__laplace__s2025__255d695fae34,celeba,early,2025,laplace,38,0.9287230699451055,0.6007436877150034
semantic_probe__celeba__early__laplace__s2025__255d695fae34,celeba,early,2025,laplace,39,0.8566707448583286,0.6999828940317613
semantic_probe__celeba__early__learned__s7__57712e755a53,celeba,early,7,learned,0,0.9383797820442628,0.68935652683786
semantic_probe__celeba__early__learned__s7__57712e755a53,celeba,early,7,learned,1,0.8375264559749988,0.691362477410639
semantic_probe__celeba__early__learned__s7__57712e755a53,celeba,early,7,learned,2,0.867267280875422,0.7836499866202837
semantic_probe__celeba__early__learned__s7__57712e755a53,celeba,early,7,learned,3,0.8399572939133498,0.6470782340995894
semantic_probe__celeba__early__learned__s7__57712e755a53,celeba,early,7,learned,4,0.9732389497540048,0.588580612914923
semantic_probe__celeba__early__learned__s7__57712e755a53,celeba,early,7,learned,5,0.9654372892025661,0.8465501750258422
semantic_probe__celeba__early__learned__s7__57712e755a53,celeba,early,7,learned,6,0.6994588604200054,0.539590852391649
semantic_probe__celeba__early__learned__s7__57712e755a53,celeba,early,7,learned,7,0.8163586295556995,0.6820939242918964
semantic_probe__celeba__early__learned__s7__57712e755a53,celeba,early,7,learned,8,0.9015145388115158,0.7633100182302779
semantic_probe__celeba__early__learned__s7__57712e755a53,celeba,early,7,learned,9,0.9610819580160666,0.8016690886272437
semantic_probe__celeba__early__learned__s7__57712e755a53,celeba,early,7,learned,10,0.7664356331158655,0.5028120023906147
semantic_probe__celeba__early__learned__s7__57712e755a53,celeba,early,7,learned,11,0.8466167096193422,0.6596964015518294
semantic_probe__celeba__early__learned__s7__57712e755a53,celeba,early,7,learned,12,0.8818914671399617,0.6668806455713511
semantic_probe__celeba__early__learned__s7__57712e755a53,celeba,early,7,learned,13,0.9126303871836369,0.6018856992688958
semantic_probe__celeba__early__learned__s7__57712e755a53,celeba,early,7,learned,14,0.9265803639969948,0.6142789532753399
semantic_probe__celeba__early__learned__s7__57712e755a53,celeba,early,7,learned,15,0.9749693564431363,0.8460828034752865
semantic_probe__celeba__early__learned__s7__57712e755a53,celeba,early,7,learned,16,0.9648620137531518,0.7301328809579755
semantic_probe__celeba__early__learned__s7__57712e755a53,celeba,early,7,learned,17,0.9666225054786559,0.7415874889434314
semantic_probe__celeba__early__learned__s7__57712e755a53,celeba,early,7,learned,18,0.95043948479507,0.8749270581940642
semantic_probe__celeba__early__learned__s7__57712e755a53,celeba,early,7,learned,19,0.9357497892823732,0.8574710555758996
semantic_probe__celeba__early__learned__s7__57712e755a53,celeba,early,7,learned,20,0.9892838702784408,0.9456356023756212
semantic_probe__celeba__early__learned__s7__57712e755a53,celeba,early,7,learned,21,0.954011548170445,0.8844267341528185
semantic_probe__celeba__early__learned__s7__57712e755a53,celeba,early,7,learned,22,0.9594969989226901,0.6108630088533805
semantic_probe__celeba__early__learned__s7__57712e755a53,celeba,early,7,learned,23,0.7346880118145392,0.5115675042436096
semantic_probe__celeba__early__learned__s7__57712e755a53,celeba,early,7,learned,24,0.9633328492386236,0.8128000232879757
semantic_probe__celeba__early__learned__s7__57712e755a53,celeba,early,7,learned,25,0.7074698229725347,0.5849950865910812
semantic_probe__celeba__early__learned__s7__57712e755a53,celeba,early,7,learned,26,0.9289029464939411,0.5218407742764505
semantic_probe__celeba__early__learned__s7__57712e755a53,celeba,early,7,learned,27,0.7559918995305311,0.6109343500865733
semantic_probe__celeba__early__learned__s7__57712e755a53,celeba,early,7,learned,28,0.9083499407613109,0.6080410025311194
semantic_probe__celeba__early__learned__s7__57712e755a53,celeba,early,7,learned,29,0.9428973324248464,0.6734406609243051
semantic_probe__celeba__early__learned__s7__57712e755a53,celeba,early,7,learned,30,0.9610110682635198,0.7190243607996126
semantic_probe__celeba__early__learned__s7__57712e755a53,celeba,early,7,learned,32,0.7269748450018976,0.5413286710323785
semantic_probe__celeba__early__learned__s7__57712e755a53,celeba,early,7,learned,33,0.828155847897608,0.7039588935246728
semantic_probe__celeba__early__learned__s7__57712e755a53,celeba,early,7,learned,34,0.843783376481236,0.6504698203860925
semantic_probe__celeba__early__learned__s7__57712e755a53,celeba,early,7,learned,35,0.9698469795652594,0.8017107992378802
semantic_probe__celeba__early__learned__s7__57712e755a53,celeba,early,7,learned,36,0.9740621415043954,0.9113736006753415
semantic_probe__celeba__early__learned__s7__57712e755a53,celeba,early,7,learned,37,0.7748607285863163,0.5074538308406318
semantic_probe__celeba__early__learned__s7__57712e755a53,celeba,early,7,learned,38,0.9329996988406115,0.6253378320228349
semantic_probe__celeba__early__learned__s7__57712e755a53,celeba,early,7,learned,39,0.865848443468801,0.7215282663637543
semantic_probe__celeba__early__learned__s42__ff4933a49c9d,celeba,early,42,learned,0,0.9317731271508203,0.6655057000922626
semantic_probe__celeba__early__learned__s42__ff4933a49c9d,celeba,early,42,learned,1,0.8378156320991701,0.6828320930741347
semantic_probe__celeba__early__learned__s42__ff4933a49c9d,celeba,early,42,learned,2,0.8677172802490007,0.7806162503802698
semantic_probe__celeba__early__learned__s42__ff4933a49c9d,celeba,early,42,learned,3,0.8402418432516082,0.6392354094591279
semantic_probe__celeba__early__learned__s42__ff4933a49c9d,celeba,early,42,learned,4,0.9773866826569931,0.6324181968850079
semantic_probe__celeba__early__learned__s42__ff4933a49c9d,celeba,early,42,learned,5,0.9638954532711548,0.831164318207102
semantic_probe__celeba__early__learned__s42__ff4933a49c9d,celeba,early,42,learned,6,0.6961877051605962,0.5415380079845694
semantic_probe__celeba__early__learned__s42__ff4933a49c9d,celeba,early,42,learned,7,0.8189112228208293,0.6650484246806638
semantic_probe__celeba__early__learned__s42__ff4933a49c9d,celeba,early,42,learned,8,0.8974845971149179,0.7444480229053065
semantic_probe__celeba__early__learned__s42__ff4933a49c9d,celeba,early,42,learned,9,0.9642348487679724,0.8504001666981
semantic_probe__celeba__early__learned__s42__ff4933a49c9d,celeba,early,42,learned,10,0.7699326385783365,0.5
semantic_probe__celeba__early__learned__s42__ff4933a49c9d,celeba,early,42,learned,11,0.8434784218669198,0.6615455472156664
semantic_probe__celeba__early__learned__s42__ff4933a49c9d,celeba,early,42,learned,12,0.875326587667836,0.6610054725188328
semantic_probe__celeba__early__learned__s42__ff4933a49c9d,celeba,early,42,learned,13,0.9088057197964524,0.6339284571453256
semantic_probe__celeba__early__learned__s42__ff4933a49c9d,celeba,early,42,learned,14,0.9248353399088314,0.6051527228131383
semantic_probe__celeba__early__learned__s42__ff4933a49c9d,celeba,early,42,learned,15,0.9764024773762409,0.8475005107086367
semantic_probe__celeba__early__learned__s42__ff4933a49c9d,celeba,early,42,learned,16,0.9617042226003493,0.7413838244824924
semantic_probe__celeba__early__learned__s42__ff4933a49c9d,celeba,early,42,learned,17,0.9705010098169963,0.7081405145868602
semantic_probe__celeba__early__learned__s42__ff4933a49c9d,celeba,early,42,learned,18,0.9524924519186029,0.876323793800388
semantic_probe__celeba__early__learned__s42__ff4933a49c9d,celeba,early,42,learned,19,0.9326600430730791,0.8521947018809956
semantic_probe__celeba__early__learned__s42__ff4933a49c9d,celeba,early,42,learned,20,0.9885428473469583,0.9420748059982258
semantic_probe__celeba__early__learned__s42__ff4933a49c9d,celeba,early,42,learned,21,0.9535103372419909,0.8823988557781968
semantic_probe__celeba__early__learned__s42__ff4933a49c9d,celeba,early,42,learned,22,0.9567427038586053,0.6077028325957766
semantic_probe__celeba__early__learned__s42__ff4933a49c9d,celeba,early,42,learned,23,0.730482002606279,0.5067143366280853
semantic_probe__celeba__early__learned__s42__ff4933a49c9d,celeba,early,42,learned,24,0.9580037359200613,0.828891066254793
semantic_probe__celeba__early__learned__s42__ff4933a49c9d,celeba,early,42,learned,25,0.7037431116492077,0.5754254277435303
semantic_probe__celeba__early__learned__s42__ff4933a49c9d,celeba,early,42,learned,26,0.9433043963323222,0.6134889506477207
semantic_probe__celeba__early__learned__s42__ff4933a49c9d,celeba,early,42,learned,27,0.7436599531140904,0.5842182150342211
semantic_probe__celeba__early__learned__s42__ff4933a49c9d,celeba,early,42,learned,28,0.9077145434536401,0.643915115081785
semantic_probe__celeba__early__learned__s42__ff4933a49c9d,celeba,early,42,learned,29,0.9466682821455167,0.6956283710244899
semantic_probe__celeba__early__learned__s42__ff4933a49c9d,celeba,early,42,learned,30,0.9583774882375874,0.7240475815517444
semantic_probe__celeba__early__learned__s42__ff4933a49c9d,celeba,early,42,learned,32,0.7153777395910822,0.519210065025661
semantic_probe__celeba__early__learned__s42__ff4933a49c9d,celeba,early,42,learned,33,0.82152478308255,0.7002044018092763
semantic_probe__celeba__early__learned__s42__ff4933a49c9d,celeba,early,42,learned,34,0.841290089759118,0.6741540810644808
semantic_probe__celeba__early__learned__s42__ff4933a49c9d,celeba,early,42,learned,35,0.9728210143517935,0.8152868604143915
semantic_probe__celeba__early__learned__s42__ff4933a49c9d,celeba,early,42,learned,36,0.9738534909275116,0.9130802791190757
semantic_probe__celeba__early__learned__s42__ff4933a49c9d,celeba,early,42,learned,37,0.775694720176682,0.5050781848514926
semantic_probe__celeba__early__learned__s42__ff4933a49c9d,celeba,early,42,learned,38,0.9372238626207983,0.6579169550964459
semantic_probe__celeba__early__learned__s42__ff4933a49c9d,celeba,early,42,learned,39,0.860154854186292,0.6896811133078373
semantic_probe__celeba__early__learned__s123__670999b6b753,celeba,early,123,learned,0,0.9360058414334724,0.7124832310823834
semantic_probe__celeba__early__learned__s123__670999b6b753,celeba,early,123,learned,1,0.8378130366838102,0.6941343933445314
semantic_probe__celeba__early__learned__s123__670999b6b753,celeba,early,123,learned,2,0.866834121593513,0.7828203799582449
semantic_probe__celeba__early__learned__s123__670999b6b753,celeba,early,123,learned,3,0.8382621825379228,0.6223348670672874
semantic_probe__celeba__early__learned__s123__670999b6b753,celeba,early,123,learned,4,0.9733287259511406,0.6563708371581987
semantic_probe__celeba__early__learned__s123__670999b6b753,celeba,early,123,learned,5,0.9647621419484171,0.8460411092248552
semantic_probe__celeba__early__learned__s123__670999b6b753,celeba,early,123,learned,6,0.6941646177973944,0.5399064270639029
semantic_probe__celeba__early__learned__s123__670999b6b753,celeba,early,123,learned,7,0.8183834349616699,0.6530610629274489
semantic_probe__celeba__early__learned__s123__670999b6b753,celeba,early,123,learned,8,0.9091872254105616,0.7541105648849229
semantic_probe__celeba__early__learned__s123__670999b6b753,celeba,early,123,learned,9,0.9684608911308442,0.8559239316068463
semantic_probe__celeba__early__learned__s123__670999b6b753,celeba,early,123,learned,10,0.7727421855735594,0.5019538155799539
semantic_probe__celeba__early__learned__s123__670999b6b753,celeba,early,123,learned,11,0.8529120551950746,0.6868523442371413
semantic_probe__celeba__early__learned__s123__670999b6b753,celeba,early,123,learned,12,0.8795288195646198,0.6652601476073887
semantic_probe__celeba__early__learned__s123__670999b6b753,celeba,early,123,learned,13,0.9116505583479397,0.5981049809324118
semantic_probe__celeba__early__learned__s123__670999b6b753,celeba,early,123,learned,14,0.923234004746047,0.5829915666273012
semantic_probe__celeba__early__learned__s123__670999b6b753,celeba,early,123,learned,15,0.9773810188056693,0.8304062398977428
semantic_probe__celeba__early__learned__s123__670999b6b753,celeba,early,123,learned,16,0.9626805822008888,0.760032172357077
semantic_probe__celeba__early__learned__s123__670999b6b753,celeba,early,123,learned,17,0.9699892672366942,0.7472876016081572
semantic_probe__celeba__early__learned__s123__670999b6b753,celeba,early,123,learned,18,0.9515932077556762,0.871354315634649
semantic_probe__celeba__early__learned__s123__670999b6b753,celeba,early,123,learned,19,0.9339068342629675,0.856245105971547
semantic_probe__celeba__early__learned__s123__670999b6b753,celeba,early,123,learned,20,0.989141954480791,0.9449880751676406
semantic_probe__celeba__early__learned__s123__670999b6b753,celeba,early,123,learned,21,0.9558001301004068,0.8894858112563084
semantic_probe__celeba__early__learned__s123__670999b6b753,celeba,early,123,learned,22,0.958013740425038,0.624356111640616
semantic_probe__celeba__early__learned__s123__670999b6b753,celeba,early,123,learned,23,0.7432228835641055,0.5146022085803552
semantic_probe__celeba__early__learned__s123__670999b6b753,celeba,early,123,learned,24,0.9615033911105625,0.8339771344302616
semantic_probe__celeba__early__learned__s123__670999b6b753,celeba,early,123,learned,25,0.7089515227554339,0.5808851887883236
semantic_probe__celeba__early__learned__s123__670999b6b753,celeba,early,123,learned,26,0.935464137542895,0.6020809987000761
semantic_probe__celeba__early__learned__s123__670999b6b753,celeba,early,123,learned,27,0.7493816677214947,0.5900209291720186
semantic_probe__celeba__early__learned__s123__670999b6b753,celeba,early,123,learned,28,0.9083605398721746,0.6331917231801779
semantic_probe__celeba__early__learned__s123__670999b6b753,celeba,early,123,learned,29,0.9450023478460113,0.6609901051292333
semantic_probe__celeba__early__learned__s123__670999b6b753,celeba,early,123,learned,30,0.960261834232921,0.724835562219952
semantic_probe__celeba__early__learned__s123__670999b6b753,celeba,early,123,learned,32,0.7266429602140768,0.5367979386447812
semantic_probe__celeba__early__learned__s123__670999b6b753,celeba,early,123,learned,33,0.8270921986353739,0.6998824069031164
semantic_probe__celeba__early__learned__s123__670999b6b753,celeba,early,123,learned,34,0.8456019716008352,0.656667986935083
semantic_probe__celeba__early__learned__s123__670999b6b753,celeba,early,123,learned,35,0.9736486032925175,0.7932160768158107
semantic_probe__celeba__early__learned__s123__670999b6b753,celeba,early,123,learned,36,0.973509774654963,0.9124375516648036
semantic_probe__celeba__early__learned__s123__670999b6b753,celeba,early,123,learned,37,0.7776436767209953,0.5122706407034882
semantic_probe__celeba__early__learned__s123__670999b6b753,celeba,early,123,learned,38,0.9319272348704759,0.6113723692017721
semantic_probe__celeba__early__learned__s123__670999b6b753,celeba,early,123,learned,39,0.8645817092626293,0.7096542760171214
semantic_probe__celeba__early__learned__s2024__4698aa32cf40,celeba,early,2024,learned,0,0.9346236059023016,0.6941792374005364
semantic_probe__celeba__early__learned__s2024__4698aa32cf40,celeba,early,2024,learned,1,0.8346712031650209,0.6881119693503763
semantic_probe__celeba__early__learned__s2024__4698aa32cf40,celeba,early,2024,learned,2,0.8674083511515389,0.7825093778480083
semantic_probe__celeba__early__learned__s2024__4698aa32cf40,celeba,early,2024,learned,3,0.8386952231263338,0.6131090958326542
semantic_probe__celeba__early__learned__s2024__4698aa32cf40,celeba,early,2024,learned,4,0.9757098520422935,0.584210738370504
semantic_probe__celeba__early__learned__s2024__4698aa32cf40,celeba,early,2024,learned,5,0.96212934439604,0.8209591835647994
semantic_probe__celeba__early__learned__s2024__4698aa32cf40,celeba,early,2024,learned,6,0.695126918146669,0.539779684065453
semantic_probe__celeba__early__learned__s2024__4698aa32cf40,celeba,early,2024,learned,7,0.8157232095967273,0.6498620836973648
semantic_probe__celeba__early__learned__s2024__4698aa32cf40,celeba,early,2024,learned,8,0.9121402653208159,0.7772004955104199
semantic_probe__celeba__early__learned__s2024__4698aa32cf40,celeba,early,2024,learned,9,0.9677222981740561,0.8294605213183229
semantic_probe__celeba__early__learned__s2024__4698aa32cf40,celeba,early,2024,learned,10,0.7754861944088035,0.5022641880059682
semantic_probe__celeba__early__learned__s2024__4698aa32cf40,celeba,early,2024,learned,11,0.8623202872118784,0.6931370917456379
semantic_probe__celeba__early__learned__s2024__4698aa32cf40,celeba,early,2024,learned,12,0.8783540831670462,0.6759493452846393
semantic_probe__celeba__early__learned__s2024__4698aa32cf40,celeba,early,2024,learned,13,0.9098322976223714,0.6064494006929451
semantic_probe__celeba__early__learned__s2024__4698aa32cf40,celeba,early,2024,learned,14,0.9270686705991473,0.6294710815831679
semantic_probe__celeba__early__learned__s2024__4698aa32cf40,celeba,early,2024,learned,15,0.9740776884535641,0.8413079010334117
semantic_probe__celeba__early__learned__s2024__4698aa32cf40,celeba,early,2024,learned,16,0.9668469799038961,0.7556964781683273
semantic_probe__celeba__early__learned__s2024__4698aa32cf40,celeba,early,2024,learned,17,0.9684282489714706,0.7012561531146818
semantic_probe__celeba__early__learned__s2024__4698aa32cf40,celeba,early,2024,learned,18,0.9510431188549862,0.875493773535813
semantic_probe__celeba__early__learned__s2024__4698aa32cf40,celeba,early,2024,learned,19,0.9339301133138963,0.8565115485803638
semantic_probe__celeba__early__learned__s2024__4698aa32cf40,celeba,early,2024,learned,20,0.988224163881895,0.9432964682821261
semantic_probe__celeba__early__learned__s2024__4698aa32cf40,celeba,early,2024,learned,21,0.953002972359702,0.882985865673122
semantic_probe__celeba__early__learned__s2024__4698aa32cf40,celeba,early,2024,learned,22,0.9581729406237598,0.6184005324448453
semantic_probe__celeba__early__learned__s2024__4698aa32cf40,celeba,early,2024,learned,23,0.7399776740609577,0.509676913082055
semantic_probe__celeba__early__learned__s2024__4698aa32cf40,celeba,early,2024,learned,24,0.9617444875531375,0.8222100670632225
semantic_probe__celeba__early__learned__s2024__4698aa32cf40,celeba,early,2024,learned,25,0.7055001990323205,0.5869561295259846
semantic_probe__celeba__early__learned__s2024__4698aa32cf40,celeba,early,2024,learned,26,0.9394104770869754,0.5964885248106145
semantic_probe__celeba__early__learned__s2024__4698aa32cf40,celeba,early,2024,learned,27,0.7519550735228587,0.6006090402337055
semantic_probe__celeba__early__learned__s2024__4698aa32cf40,celeba,early,2024,learned,28,0.9018421997911716,0.5875344374159988
semantic_probe__celeba__early__learned__s2024__4698aa32cf40,celeba,early,2024,learned,29,0.9462034237097022,0.6534418367316175
semantic_probe__celeba__early__learned__s2024__4698aa32cf40,celeba,early,2024,learned,30,0.9621826576630752,0.7189192967105182
semantic_probe__celeba__early__learned__s2024__4698aa32cf40,celeba,early,2024,learned,32,0.7288730837464902,0.5403031383370548
semantic_probe__celeba__early__learned__s2024__4698aa32cf40,celeba,early,2024,learned,33,0.8224014714068622,0.6969608008015646
semantic_probe__celeba__early__learned__s2024__4698aa32cf40,celeba,early,2024,learned,34,0.8479094027985863,0.6528568656827797
semantic_probe__celeba__early__learned__s2024__4698aa32cf40,celeba,early,2024,learned,35,0.9717725979056479,0.7981612604233169
semantic_probe__celeba__early__learned__s2024__4698aa32cf40,celeba,early,2024,learned,36,0.9725154308496627,0.9093226980609517
semantic_probe__celeba__early__learned__s2024__4698aa32cf40,celeba,early,2024,learned,37,0.7789293913293539,0.5053179140312903
semantic_probe__celeba__early__learned__s2024__4698aa32cf40,celeba,early,2024,learned,38,0.9357507769554115,0.6410850679198943
semantic_probe__celeba__early__learned__s2024__4698aa32cf40,celeba,early,2024,learned,39,0.8645057668976506,0.721855236833727
semantic_probe__celeba__early__learned__s2025__1749f0ada658,celeba,early,2025,learned,0,0.9356858420318835,0.6855952429863053
semantic_probe__celeba__early__learned__s2025__1749f0ada658,celeba,early,2025,learned,1,0.8364109698799643,0.6754011044904114
semantic_probe__celeba__early__learned__s2025__1749f0ada658,celeba,early,2025,learned,2,0.8665518957114555,0.7800221540315351
semantic_probe__celeba__early__learned__s2025__1749f0ada658,celeba,early,2025,learned,3,0.8367354352806543,0.6467648811398251
semantic_probe__celeba__early__learned__s2025__1749f0ada658,celeba,early,2025,learned,4,0.9735623618496171,0.6374071279154729
semantic_probe__celeba__early__learned__s2025__1749f0ada658,celeba,early,2025,learned,5,0.965655206696499,0.8374098358734678
semantic_probe__celeba__early__learned__s2025__1749f0ada658,celeba,early,2025,learned,6,0.6976961178853334,0.5430348068771949
semantic_probe__celeba__early__learned__s2025__1749f0ada658,celeba,early,2025,learned,7,0.817522378163167,0.6732665148050094
semantic_probe__celeba__early__learned__s2025__1749f0ada658,celeba,early,2025,learned,8,0.8915976266136687,0.7563592491134747
semantic_probe__celeba__early__learned__s2025__1749f0ada658,celeba,early,2025,learned,9,0.963139947313666,0.822434300697994
semantic_probe__celeba__early__learned__s2025__1749f0ada658,celeba,early,2025,learned,10,0.7696632242371557,0.5014323836351554
semantic_probe__celeba__early__learned__s2025__1749f0ada658,celeba,early,2025,learned,11,0.8434957703496724,0.6253436561629464
semantic_probe__celeba__early__learned__s2025__1749f0ada658,celeba,early,2025,learned,12,0.8762541634085791,0.6874235551182952
semantic_probe__celeba__early__learned__s2025__1749f0ada658,celeba,early,2025,learned,13,0.9101835400355353,0.6274409472755389
semantic_probe__celeba__early__learned__s2025__1749f0ada658,celeba,early,2025,learned,14,0.9214342132703593,0.6039786882701825
semantic_probe__celeba__early__learned__s2025__1749f0ada658,celeba,early,2025,learned,15,0.9751394056967622,0.8380172838676272
semantic_probe__celeba__early__learned__s2025__1749f0ada658,celeba,early,2025,learned,16,0.9650125186445608,0.7452614628008196
semantic_probe__celeba__early__learned__s2025__1749f0ada658,celeba,early,2025,learned,17,0.9675423403932656,0.7300854846047655
semantic_probe__celeba__early__learned__s2025__1749f0ada658,celeba,early,2025,learned,18,0.9503723385509566,0.8770433911682844
semantic_probe__celeba__early__learned__s2025__1749f0ada658,celeba,early,2025,learned,19,0.9329674049462877,0.8539477169402498
semantic_probe__celeba__early__learned__s2025__1749f0ada658,celeba,early,2025,learned,20,0.9887129684992755,0.9471827533940222
semantic_probe__celeba__early__learned__s2025__1749f0ada658,celeba,early,2025,learned,21,0.951365453431902,0.8775413131334802
semantic_probe__celeba__early__learned__s2025__1749f0ada658,celeba,early,2025,learned,22,0.9552899556385962,0.6014085353176714
semantic_probe__celeba__early__learned__s2025__1749f0ada658,celeba,early,2025,learned,23,0.7384783042976639,0.5083372734692789
semantic_probe__celeba__early__learned__s2025__1749f0ada658,celeba,early,2025,learned,24,0.9616706478752203,0.8518534381937788
semantic_probe__celeba__early__learned__s2025__1749f0ada658,celeba,early,2025,learned,25,0.7103370116318781,0.5971461335924411
semantic_probe__celeba__early__learned__s2025__1749f0ada658,celeba,early,2025,learned,26,0.9310565989809794,0.5627230041687211
semantic_probe__celeba__early__learned__s2025__1749f0ada658,celeba,early,2025,learned,27,0.7488620780204199,0.5923872466863415
semantic_probe__celeba__early__learned__s2025__1749f0ada658,celeba,early,2025,learned,28,0.9095001058618511,0.5989909129427811
semantic_probe__celeba__early__learned__s2025__1749f0ada658,celeba,early,2025,learned,29,0.9418907358443351,0.6519437376201057
semantic_probe__celeba__early__learned__s2025__1749f0ada658,celeba,early,2025,learned,30,0.9561693837344452,0.7059487037632912
semantic_probe__celeba__early__learned__s2025__1749f0ada658,celeba,early,2025,learned,32,0.7146965151378504,0.5440562774912431
semantic_probe__celeba__early__learned__s2025__1749f0ada658,celeba,early,2025,learned,33,0.8165089174719973,0.6923888590228571
semantic_probe__celeba__early__learned__s2025__1749f0ada658,celeba,early,2025,learned,34,0.8417037815166248,0.6635849535322921
semantic_probe__celeba__early__learned__s2025__1749f0ada658,celeba,early,2025,learned,35,0.9767197448398321,0.8147432059080302
semantic_probe__celeba__early__learned__s2025__1749f0ada658,celeba,early,2025,learned,36,0.9729097659573339,0.9113289458714582
semantic_probe__celeba__early__learned__s2025__1749f0ada658,celeba,early,2025,learned,37,0.7729768888828287,0.5021867332742646
semantic_probe__celeba__early__learned__s2025__1749f0ada658,celeba,early,2025,learned,38,0.9295461465248821,0.631792716240123
semantic_probe__celeba__early__learned__s2025__1749f0ada658,celeba,early,2025,learned,39,0.8605307856113121,0.7128046729345424
semantic_probe__celeba__early__standard__s7__214bcd487ad7,celeba,early,7,standard,0,0.9370087109056467,0.7176673888540064
semantic_probe__celeba__early__standard__s7__214bcd487ad7,celeba,early,7,standard,1,0.8395302276005421,0.699565642135598
semantic_probe__celeba__early__standard__s7__214bcd487ad7,celeba,early,7,standard,2,0.8675548373617578,0.783949634844572
semantic_probe__celeba__early__standard__s7__214bcd487ad7,celeba,early,7,standard,3,0.8404471107964034,0.6539125359278389
semantic_probe__celeba__early__standard__s7__214bcd487ad7,celeba,early,7,standard,4,0.97293296053223,0.6330884330629521
semantic_probe__celeba__early__standard__s7__214bcd487ad7,celeba,early,7,standard,5,0.9650951923274568,0.8388946922394442
semantic_probe__celeba__early__standard__s7__214bcd487ad7,celeba,early,7,standard,6,0.7018888709179518,0.5374732693713931
semantic_probe__celeba__early__standard__s7__214bcd487ad7,celeba,early,7,standard,7,0.8167654909105331,0.6843368630853595
semantic_probe__celeba__early__standard__s7__214bcd487ad7,celeba,early,7,standard,8,0.8993477145178058,0.7039264608957241
semantic_probe__celeba__early__standard__s7__214bcd487ad7,celeba,early,7,standard,9,0.9600149663257671,0.8324125899652611
semantic_probe__celeba__early__standard__s7__214bcd487ad7,celeba,early,7,standard,10,0.7672019776903819,0.5018482858205617
semantic_probe__celeba__early__standard__s7__214bcd487ad7,celeba,early,7,standard,11,0.8461179620214643,0.6587153269759117
semantic_probe__celeba__early__standard__s7__214bcd487ad7,celeba,early,7,standard,12,0.8823403221091328,0.6812641673396487
semantic_probe__celeba__early__standard__s7__214bcd487ad7,celeba,early,7,standard,13,0.9125304893414303,0.6340113053558043
semantic_probe__celeba__early__standard__s7__214bcd487ad7,celeba,early,7,standard,14,0.9287367903504982,0.6267137376789909
semantic_probe__celeba__early__standard__s7__214bcd487ad7,celeba,early,7,standard,15,0.9743733946745958,0.8327879057879772
semantic_probe__celeba__early__standard__s7__214bcd487ad7,celeba,early,7,standard,16,0.9640580204102537,0.7382937117587469
semantic_probe__celeba__early__standard__s7__214bcd487ad7,celeba,early,7,standard,17,0.9671290818182824,0.7613450645234985
semantic_probe__celeba__early__standard__s7__214bcd487ad7,celeba,early,7,standard,18,0.9505686482371202,0.8740790940786001
semantic_probe__celeba__early__standard__s7__214bcd487ad7,celeba,early,7,standard,19,0.9351000162913151,0.8593588298043258
semantic_probe__celeba__early__standard__s7__214bcd487ad7,celeba,early,7,standard,20,0.9890797174871241,0.9467039873428339
semantic_probe__celeba__early__standard__s7__214bcd487ad7,celeba,early,7,standard,21,0.954868870236575,0.8893580640090909
semantic_probe__celeba__early__standard__s7__214bcd487ad7,celeba,early,7,standard,22,0.9557584774021441,0.600760866923889
semantic_probe__celeba__early__standard__s7__214bcd487ad7,celeba,early,7,standard,23,0.7323753297897752,0.5146586935550743
semantic_probe__celeba__early__standard__s7__214bcd487ad7,celeba,early,7,standard,24,0.9623671074138391,0.8274725127253659
semantic_probe__celeba__early__standard__s7__214bcd487ad7,celeba,early,7,standard,25,0.7068038188510731,0.5780368253119795
semantic_probe__celeba__early__standard__s7__214bcd487ad7,celeba,early,7,standard,26,0.9265031302762712,0.573640309591047
semantic_probe__celeba__early__standard__s7__214bcd487ad7,celeba,early,7,standard,27,0.7513584743251838,0.6123189840323888
semantic_probe__celeba__early__standard__s7__214bcd487ad7,celeba,early,7,standard,28,0.911030578693357,0.6146654468210293
semantic_probe__celeba__early__standard__s7__214bcd487ad7,celeba,early,7,standard,29,0.9425456642859079,0.6968517759212751
semantic_probe__celeba__early__standard__s7__214bcd487ad7,celeba,early,7,standard,30,0.9624535437459183,0.741585852791369
semantic_probe__celeba__early__standard__s7__214bcd487ad7,celeba,early,7,standard,32,0.7315471906650679,0.5512550866554851
semantic_probe__celeba__early__standard__s7__214bcd487ad7,celeba,early,7,standard,33,0.8288768582888013,0.7003000556124241
semantic_probe__celeba__early__standard__s7__214bcd487ad7,celeba,early,7,standard,34,0.8442350001243731,0.651752983519606
semantic_probe__celeba__early__standard__s7__214bcd487ad7,celeba,early,7,standard,35,0.9707171384145931,0.8060338887636446
semantic_probe__celeba__early__standard__s7__214bcd487ad7,celeba,early,7,standard,36,0.9736971035687316,0.9092456986964177
semantic_probe__celeba__early__standard__s7__214bcd487ad7,celeba,early,7,standard,37,0.7740348211936933,0.5067781671021404
semantic_probe__celeba__early__standard__s7__214bcd487ad7,celeba,early,7,standard,38,0.933384725400667,0.6615468287061541
semantic_probe__celeba__early__standard__s7__214bcd487ad7,celeba,early,7,standard,39,0.8655377955917862,0.7299697628059749
semantic_probe__celeba__early__standard__s42__9acd30c6658e,celeba,early,42,standard,0,0.9326671437955898,0.6718586022984359
semantic_probe__celeba__early__standard__s42__9acd30c6658e,celeba,early,42,standard,1,0.837007736631108,0.6853951921218923
semantic_probe__celeba__early__standard__s42__9acd30c6658e,celeba,early,42,standard,2,0.8687455949733385,0.7810467242824344
semantic_probe__celeba__early__standard__s42__9acd30c6658e,celeba,early,42,standard,3,0.8403314614215135,0.6286964214004773
semantic_probe__celeba__early__standard__s42__9acd30c6658e,celeba,early,42,standard,4,0.9762903725191914,0.6494577674982822
semantic_probe__celeba__early__standard__s42__9acd30c6658e,celeba,early,42,standard,5,0.9656509315591155,0.8200114295034522
semantic_probe__celeba__early__standard__s42__9acd30c6658e,celeba,early,42,standard,6,0.698517849245549,0.5404727510421319
semantic_probe__celeba__early__standard__s42__9acd30c6658e,celeba,early,42,standard,7,0.8186172812837619,0.6625403338713186
semantic_probe__celeba__early__standard__s42__9acd30c6658e,celeba,early,42,standard,8,0.8976810432001266,0.7444511179427438
semantic_probe__celeba__early__standard__s42__9acd30c6658e,celeba,early,42,standard,9,0.9638260451440704,0.848158846428289
semantic_probe__celeba__early__standard__s42__9acd30c6658e,celeba,early,42,standard,10,0.7668051962435586,0.5
semantic_probe__celeba__early__standard__s42__9acd30c6658e,celeba,early,42,standard,11,0.8424384663021897,0.6577713839415872
semantic_probe__celeba__early__standard__s42__9acd30c6658e,celeba,early,42,standard,12,0.8748086652487754,0.6623220603504634
semantic_probe__celeba__early__standard__s42__9acd30c6658e,celeba,early,42,standard,13,0.9092058111544791,0.6366087992499362
semantic_probe__celeba__early__standard__s42__9acd30c6658e,celeba,early,42,standard,14,0.9248817700037666,0.6066119215119226
semantic_probe__celeba__early__standard__s42__9acd30c6658e,celeba,early,42,standard,15,0.97675107211422,0.8572507767819161
semantic_probe__celeba__early__standard__s42__9acd30c6658e,celeba,early,42,standard,16,0.9622167310601529,0.7370647414893443
semantic_probe__celeba__early__standard__s42__9acd30c6658e,celeba,early,42,standard,17,0.9696899507099961,0.7301113564872037
semantic_probe__celeba__early__standard__s42__9acd30c6658e,celeba,early,42,standard,18,0.952662121807567,0.8779044044103674
semantic_probe__celeba__early__standard__s42__9acd30c6658e,celeba,early,42,standard,19,0.9320364489629123,0.8528303828040908
semantic_probe__celeba__early__standard__s42__9acd30c6658e,celeba,early,42,standard,20,0.9885717406371057,0.9433213345038115
semantic_probe__celeba__early__standard__s42__9acd30c6658e,celeba,early,42,standard,21,0.9535861121906744,0.8825791626099178
semantic_probe__celeba__early__standard__s42__9acd30c6658e,celeba,early,42,standard,22,0.9559521366644437,0.5983004695342727
semantic_probe__celeba__early__standard__s42__9acd30c6658e,celeba,early,42,standard,23,0.7352085796413955,0.5054762470470789
semantic_probe__celeba__early__standard__s42__9acd30c6658e,celeba,early,42,standard,24,0.9581692147466164,0.8309598830667186
semantic_probe__celeba__early__standard__s42__9acd30c6658e,celeba,early,42,standard,25,0.7034005222433577,0.5783682485641489
semantic_probe__celeba__early__standard__s42__9acd30c6658e,celeba,early,42,standard,26,0.9430206916989157,0.6168773439717902
semantic_probe__celeba__early__standard__s42__9acd30c6658e,celeba,early,42,standard,27,0.7442052044500693,0.5882855411307193
semantic_probe__celeba__early__standard__s42__9acd30c6658e,celeba,early,42,standard,28,0.9078294533262983,0.6389676892568188
semantic_probe__celeba__early__standard__s42__9acd30c6658e,celeba,early,42,standard,29,0.9463966593505324,0.6852646847781192
semantic_probe__celeba__early__standard__s42__9acd30c6658e,celeba,early,42,standard,30,0.9578193778118258,0.7180817906914578
semantic_probe__celeba__early__standard__s42__9acd30c6658e,celeba,early,42,standard,32,0.7164158697598293,0.5247047273286335
semantic_probe__celeba__early__standard__s42__9acd30c6658e,celeba,early,42,standard,33,0.8191653713829772,0.6932596831387151
semantic_probe__celeba__early__standard__s42__9acd30c6658e,celeba,early,42,standard,34,0.8412787392776028,0.6661405569236598
semantic_probe__celeba__early__standard__s42__9acd30c6658e,celeba,early,42,standard,35,0.973370060215541,0.818391908301799
semantic_probe__celeba__early__standard__s42__9acd30c6658e,celeba,early,42,standard,36,0.9732813663388387,0.9118361299041233
semantic_probe__celeba__early__standard__s42__9acd30c6658e,celeba,early,42,standard,37,0.7743215885841166,0.5045115627984808
semantic_probe__celeba__early__standard__s42__9acd30c6658e,celeba,early,42,standard,38,0.9379882745376842,0.6473690795138954
semantic_probe__celeba__early__standard__s42__9acd30c6658e,celeba,early,42,standard,39,0.8603391862111974,0.7002689624857683
semantic_probe__celeba__early__standard__s123__a27ae5c44613,celeba,early,123,standard,0,0.9375447133921802,0.7168579424828359
semantic_probe__celeba__early__standard__s123__a27ae5c44613,celeba,early,123,standard,1,0.8360897055445176,0.7069797882614529
semantic_probe__celeba__early__standard__s123__a27ae5c44613,celeba,early,123,standard,2,0.8668600468017016,0.7836322781721734
semantic_probe__celeba__early__standard__s123__a27ae5c44613,celeba,early,123,standard,3,0.8385334289364024,0.6431206910570464
semantic_probe__celeba__early__standard__s123__a27ae5c44613,celeba,early,123,standard,4,0.9759403421441046,0.671762857264195
semantic_probe__celeba__early__standard__s123__a27ae5c44613,celeba,early,123,standard,5,0.9648489043347735,0.8483519736639322
semantic_probe__celeba__early__standard__s123__a27ae5c44613,celeba,early,123,standard,6,0.6963776486150884,0.5501368277045074
semantic_probe__celeba__early__standard__s123__a27ae5c44613,celeba,early,123,standard,7,0.8182033671346698,0.6659132069168158
semantic_probe__celeba__early__standard__s123__a27ae5c44613,celeba,early,123,standard,8,0.9079609119603915,0.7602373437069517
semantic_probe__celeba__early__standard__s123__a27ae5c44613,celeba,early,123,standard,9,0.9671430157580984,0.8284633963825295
semantic_probe__celeba__early__standard__s123__a27ae5c44613,celeba,early,123,standard,10,0.7680377002453306,0.5024488650849044
semantic_probe__celeba__early__standard__s123__a27ae5c44613,celeba,early,123,standard,11,0.8531947980089253,0.6840207705092818
semantic_probe__celeba__early__standard__s123__a27ae5c44613,celeba,early,123,standard,12,0.880475578853552,0.6708627228852342
semantic_probe__celeba__early__standard__s123__a27ae5c44613,celeba,early,123,standard,13,0.9126353870756392,0.5920212123418134
semantic_probe__celeba__early__standard__s123__a27ae5c44613,celeba,early,123,standard,14,0.9248316600003783,0.5985249201962979
semantic_probe__celeba__early__standard__s123__a27ae5c44613,celeba,early,123,standard,15,0.9753689077922983,0.8338835664077234
semantic_probe__celeba__early__standard__s123__a27ae5c44613,celeba,early,123,standard,16,0.9628117217088243,0.7240694502899213
semantic_probe__celeba__early__standard__s123__a27ae5c44613,celeba,early,123,standard,17,0.9690843208582046,0.7590800544383458
semantic_probe__celeba__early__standard__s123__a27ae5c44613,celeba,early,123,standard,18,0.9523904541962532,0.875250630711258
semantic_probe__celeba__early__standard__s123__a27ae5c44613,celeba,early,123,standard,19,0.9351192948835781,0.8574626425510172
semantic_probe__celeba__early__standard__s123__a27ae5c44613,celeba,early,123,standard,20,0.9898203329491302,0.9448718511142518
semantic_probe__celeba__early__standard__s123__a27ae5c44613,celeba,early,123,standard,21,0.9561999011813553,0.8903002012122044
semantic_probe__celeba__early__standard__s123__a27ae5c44613,celeba,early,123,standard,22,0.9549990954917692,0.5751183960774042
semantic_probe__celeba__early__standard__s123__a27ae5c44613,celeba,early,123,standard,23,0.7424207433922294,0.5088588028690639
semantic_probe__celeba__early__standard__s123__a27ae5c44613,celeba,early,123,standard,24,0.9614499726087038,0.8249879396532048
semantic_probe__celeba__early__standard__s123__a27ae5c44613,celeba,early,123,standard,25,0.7143447990870291,0.5849984129358365
semantic_probe__celeba__early__standard__s123__a27ae5c44613,celeba,early,123,standard,26,0.9367545982936633,0.5934338906569845
semantic_probe__celeba__early__standard__s123__a27ae5c44613,celeba,early,123,standard,27,0.7471483185444279,0.6009244803783295
semantic_probe__celeba__early__standard__s123__a27ae5c44613,celeba,early,123,standard,28,0.9060227250107219,0.6342902499296192
semantic_probe__celeba__early__standard__s123__a27ae5c44613,celeba,early,123,standard,29,0.9455621188047769,0.6326049106537187
semantic_probe__celeba__early__standard__s123__a27ae5c44613,celeba,early,123,standard,30,0.9615062650419779,0.7182742758179682
semantic_probe__celeba__early__standard__s123__a27ae5c44613,celeba,early,123,standard,32,0.7251758274383716,0.5582523362449512
semantic_probe__celeba__early__standard__s123__a27ae5c44613,celeba,early,123,standard,33,0.8262935064514152,0.7006990548380994
semantic_probe__celeba__early__standard__s123__a27ae5c44613,celeba,early,123,standard,34,0.8465483170404556,0.6614341559179597
semantic_probe__celeba__early__standard__s123__a27ae5c44613,celeba,early,123,standard,35,0.9737022052272233,0.8096149966246362
semantic_probe__celeba__early__standard__s123__a27ae5c44613,celeba,early,123,standard,36,0.9739039689591985,0.9136616565049498
semantic_probe__celeba__early__standard__s123__a27ae5c44613,celeba,early,123,standard,37,0.7753283772627865,0.5065166760218917
semantic_probe__celeba__early__standard__s123__a27ae5c44613,celeba,early,123,standard,38,0.9317923850841657,0.6160868940909725
semantic_probe__celeba__early__standard__s123__a27ae5c44613,celeba,early,123,standard,39,0.8633308541006939,0.7281328569538177
semantic_probe__celeba__early__standard__s2024__ffef02b0f865,celeba,early,2024,standard,0,0.935949265874203,0.6851778342596802
semantic_probe__celeba__early__standard__s2024__ffef02b0f865,celeba,early,2024,standard,1,0.8352896641362375,0.689180146140256
semantic_probe__celeba__early__standard__s2024__ffef02b0f865,celeba,early,2024,standard,2,0.8672232255894062,0.7824058476749007
semantic_probe__celeba__early__standard__s2024__ffef02b0f865,celeba,early,2024,standard,3,0.8376152931154839,0.6096937427180383
semantic_probe__celeba__early__standard__s2024__ffef02b0f865,celeba,early,2024,standard,4,0.9773922482972468,0.5912261674142169
semantic_probe__celeba__early__standard__s2024__ffef02b0f865,celeba,early,2024,standard,5,0.9622575030903613,0.8248735776031049
semantic_probe__celeba__early__standard__s2024__ffef02b0f865,celeba,early,2024,standard,6,0.697689840600525,0.5397645980567305
semantic_probe__celeba__early__standard__s2024__ffef02b0f865,celeba,early,2024,standard,7,0.816101664489489,0.6529890778580416
semantic_probe__celeba__early__standard__s2024__ffef02b0f865,celeba,early,2024,standard,8,0.9118643313171616,0.7723052625276714
semantic_probe__celeba__early__standard__s2024__ffef02b0f865,celeba,early,2024,standard,9,0.9677828761593036,0.8314698722299912
semantic_probe__celeba__early__standard__s2024__ffef02b0f865,celeba,early,2024,standard,10,0.7744895650920094,0.5012477065562191
semantic_probe__celeba__early__standard__s2024__ffef02b0f865,celeba,early,2024,standard,11,0.863359263838671,0.6931025820552164
semantic_probe__celeba__early__standard__s2024__ffef02b0f865,celeba,early,2024,standard,12,0.8803071219300982,0.6640460426521047
semantic_probe__celeba__early__standard__s2024__ffef02b0f865,celeba,early,2024,standard,13,0.9111012202136434,0.5885508873008343
semantic_probe__celeba__early__standard__s2024__ffef02b0f865,celeba,early,2024,standard,14,0.9271226905052672,0.600118924291461
semantic_probe__celeba__early__standard__s2024__ffef02b0f865,celeba,early,2024,standard,15,0.9737365097409388,0.8406522371447978
semantic_probe__celeba__early__standard__s2024__ffef02b0f865,celeba,early,2024,standard,16,0.9679884760189134,0.7689114158505234
semantic_probe__celeba__early__standard__s2024__ffef02b0f865,celeba,early,2024,standard,17,0.9693985259210227,0.7266821116923335
semantic_probe__celeba__early__standard__s2024__ffef02b0f865,celeba,early,2024,standard,18,0.9508613631627968,0.8738985724817852
semantic_probe__celeba__early__standard__s2024__ffef02b0f865,celeba,early,2024,standard,19,0.9335300322674182,0.8564604975010602
semantic_probe__celeba__early__standard__s2024__ffef02b0f865,celeba,early,2024,standard,20,0.9885223997877772,0.9426637793132615
semantic_probe__celeba__early__standard__s2024__ffef02b0f865,celeba,early,2024,standard,21,0.9536867639706823,0.8850594519626027
semantic_probe__celeba__early__standard__s2024__ffef02b0f865,celeba,early,2024,standard,22,0.9569855035680825,0.631193856364093
semantic_probe__celeba__early__standard__s2024__ffef02b0f865,celeba,early,2024,standard,23,0.7382881705989779,0.5127975245425134
semantic_probe__celeba__early__standard__s2024__ffef02b0f865,celeba,early,2024,standard,24,0.9620197364790369,0.8295070062915504
semantic_probe__celeba__early__standard__s2024__ffef02b0f865,celeba,early,2024,standard,25,0.7077941174822303,0.5797625655113656
semantic_probe__celeba__early__standard__s2024__ffef02b0f865,celeba,early,2024,standard,26,0.9396421972198565,0.5773424776248748
semantic_probe__celeba__early__standard__s2024__ffef02b0f865,celeba,early,2024,standard,27,0.7527049785489881,0.6054652863863047
semantic_probe__celeba__early__standard__s2024__ffef02b0f865,celeba,early,2024,standard,28,0.9036369394783014,0.5931150954863558
semantic_probe__celeba__early__standard__s2024__ffef02b0f865,celeba,early,2024,standard,29,0.9453987871095341,0.6722631200499265
semantic_probe__celeba__early__standard__s2024__ffef02b0f865,celeba,early,2024,standard,30,0.9626576018066485,0.7246749593926161
semantic_probe__celeba__early__standard__s2024__ffef02b0f865,celeba,early,2024,standard,32,0.7262092969202545,0.5335649049068558
semantic_probe__celeba__early__standard__s2024__ffef02b0f865,celeba,early,2024,standard,33,0.8211224073301956,0.7007533881927686
semantic_probe__celeba__early__standard__s2024__ffef02b0f865,celeba,early,2024,standard,34,0.847738250089453,0.6591897684938034
semantic_probe__celeba__early__standard__s2024__ffef02b0f865,celeba,early,2024,standard,35,0.9724214306269114,0.8157466528240709
semantic_probe__celeba__early__standard__s2024__ffef02b0f865,celeba,early,2024,standard,36,0.9725178898810926,0.9094223768360166
semantic_probe__celeba__early__standard__s2024__ffef02b0f865,celeba,early,2024,standard,37,0.7790062439768242,0.506988841717466
semantic_probe__celeba__early__standard__s2024__ffef02b0f865,celeba,early,2024,standard,38,0.9367969217282475,0.6439173177507256
semantic_probe__celeba__early__standard__s2024__ffef02b0f865,celeba,early,2024,standard,39,0.8659704125434378,0.7197944958251283
semantic_probe__celeba__early__standard__s2025__0f5f88ce79d9,celeba,early,2025,standard,0,0.9375324325603703,0.7220427142960493
semantic_probe__celeba__early__standard__s2025__0f5f88ce79d9,celeba,early,2025,standard,1,0.8346122483975992,0.7041793412532504
semantic_probe__celeba__early__standard__s2025__0f5f88ce79d9,celeba,early,2025,standard,2,0.8663725374415221,0.7780302848996168
semantic_probe__celeba__early__standard__s2025__0f5f88ce79d9,celeba,early,2025,standard,3,0.8375479319364754,0.6514681653972442
semantic_probe__celeba__early__standard__s2025__0f5f88ce79d9,celeba,early,2025,standard,4,0.9754441532162684,0.661641256494104
semantic_probe__celeba__early__standard__s2025__0f5f88ce79d9,celeba,early,2025,standard,5,0.9656386119109871,0.8474291833512333
semantic_probe__celeba__early__standard__s2025__0f5f88ce79d9,celeba,early,2025,standard,6,0.6983088458790543,0.5501658366283092
semantic_probe__celeba__early__standard__s2025__0f5f88ce79d9,celeba,early,2025,standard,7,0.8164473265177854,0.6747088300082801
semantic_probe__celeba__early__standard__s2025__0f5f88ce79d9,celeba,early,2025,standard,8,0.8914143154106988,0.7121162851229669
semantic_probe__celeba__early__standard__s2025__0f5f88ce79d9,celeba,early,2025,standard,9,0.964324466379218,0.8445744027158406
semantic_probe__celeba__early__standard__s2025__0f5f88ce79d9,celeba,early,2025,standard,10,0.7695899280725877,0.5017691385010177
semantic_probe__celeba__early__standard__s2025__0f5f88ce79d9,celeba,early,2025,standard,11,0.8384087917139287,0.6421701947448057
semantic_probe__celeba__early__standard__s2025__0f5f88ce79d9,celeba,early,2025,standard,12,0.875493453380506,0.6510780530950764
semantic_probe__celeba__early__standard__s2025__0f5f88ce79d9,celeba,early,2025,standard,13,0.9089261671947887,0.6174177637763024
semantic_probe__celeba__early__standard__s2025__0f5f88ce79d9,celeba,early,2025,standard,14,0.9236803373924064,0.610629174072722
semantic_probe__celeba__early__standard__s2025__0f5f88ce79d9,celeba,early,2025,standard,15,0.9764763883516139,0.8383784048333042
semantic_probe__celeba__early__standard__s2025__0f5f88ce79d9,celeba,early,2025,standard,16,0.9636437159617524,0.7500648525175428
semantic_probe__celeba__early__standard__s2025__0f5f88ce79d9,celeba,early,2025,standard,17,0.9667669975013293,0.7497854586352534
semantic_probe__celeba__early__standard__s2025__0f5f88ce79d9,celeba,early,2025,standard,18,0.9514275942392718,0.8765288306757827
semantic_probe__celeba__early__standard__s2025__0f5f88ce79d9,celeba,early,2025,standard,19,0.9333572938694318,0.8559623800887644
semantic_probe__celeba__early__standard__s2025__0f5f88ce79d9,celeba,early,2025,standard,20,0.989122364195054,0.9461474951660627
semantic_probe__celeba__early__standard__s2025__0f5f88ce79d9,celeba,early,2025,standard,21,0.951995962644878,0.8820854659301505
semantic_probe__celeba__early__standard__s2025__0f5f88ce79d9,celeba,early,2025,standard,22,0.9535217770481711,0.5845728696131135
semantic_probe__celeba__early__standard__s2025__0f5f88ce79d9,celeba,early,2025,standard,23,0.7419801348153002,0.5129204274411739
semantic_probe__celeba__early__standard__s2025__0f5f88ce79d9,celeba,early,2025,standard,24,0.9622875823519333,0.8424433944185319
semantic_probe__celeba__early__standard__s2025__0f5f88ce79d9,celeba,early,2025,standard,25,0.7096640053136671,0.5874311821753333
semantic_probe__celeba__early__standard__s2025__0f5f88ce79d9,celeba,early,2025,standard,26,0.9277834431544818,0.6150854662542771
semantic_probe__celeba__early__standard__s2025__0f5f88ce79d9,celeba,early,2025,standard,27,0.7535425413591286,0.6085855542922977
semantic_probe__celeba__early__standard__s2025__0f5f88ce79d9,celeba,early,2025,standard,28,0.9083579870375459,0.6462586495853808
semantic_probe__celeba__early__standard__s2025__0f5f88ce79d9,celeba,early,2025,standard,29,0.9421495641975717,0.680887478255102
semantic_probe__celeba__early__standard__s2025__0f5f88ce79d9,celeba,early,2025,standard,30,0.9595533891224404,0.721700885488312
semantic_probe__celeba__early__standard__s2025__0f5f88ce79d9,celeba,early,2025,standard,32,0.7158319371448874,0.5476248806833899
semantic_probe__celeba__early__standard__s2025__0f5f88ce79d9,celeba,early,2025,standard,33,0.8170701471520677,0.688409148100151
semantic_probe__celeba__early__standard__s2025__0f5f88ce79d9,celeba,early,2025,standard,34,0.8426445703483021,0.6482113347913688
semantic_probe__celeba__early__standard__s2025__0f5f88ce79d9,celeba,early,2025,standard,35,0.9758259637425294,0.8167140742537629
semantic_probe__celeba__early__standard__s2025__0f5f88ce79d9,celeba,early,2025,standard,36,0.972290889599325,0.913441027578646
semantic_probe__celeba__early__standard__s2025__0f5f88ce79d9,celeba,early,2025,standard,37,0.7725538721544705,0.5035017135227542
semantic_probe__celeba__early__standard__s2025__0f5f88ce79d9,celeba,early,2025,standard,38,0.9314439589586871,0.6367910725898864
semantic_probe__celeba__early__standard__s2025__0f5f88ce79d9,celeba,early,2025,standard,39,0.8599886871874961,0.707027212000676
